Student_ID,First Name,Last Name,Email,Gender,Age,Attendance (%),Study_hours_per_day,Midterm_Score,Assignments_Avg,Quizzes_Avg,Participation_Score,Final_Score
1,Wanda,Cross,wanda.cross91@edu.com,Male,18,73,0,42,91,84,4,63.1
2,Robert,Caldwell,robert.caldwell46@edu.com,Female,19,60,13,83,41,76,8,81.33
3,Travis,Monroe,travis.monroe60@edu.com,Male,18,100,22,89,93,42,1,100.0
4,Sherri,Barnes,sherri.barnes44@edu.com,Female,21,71,12,53,71,71,2,76.05
5,Kenneth,Mendoza,kenneth.mendoza35@edu.com,Female,19,94,1,96,78,42,5,79.04
6,Jennifer,Campbell,jennifer.campbell95@edu.com,Female,20,66,3,92,92,81,5,90.07
7,Heather,Dennis,heather.dennis83@edu.com,Female,18,86,17,97,65,81,4,97.86
8,Rodney,Wall,rodney.wall95@edu.com,Male,21,62,19,49,47,93,3,81.25
9,Shane,Rodriguez,shane.rodriguez83@edu.com,Male,22,77,15,56,54,73,4,80.86
10,Joshua,Wise,joshua.wise38@edu.com,Female,22,73,6,61,65,46,6,72.69
11,John,Lyons,john.lyons4@edu.com,Male,19,95,22,74,82,94,2,100.0
12,Yolanda,Foster,yolanda.foster4@edu.com,Male,18,72,18,44,79,61,5,81.72
13,Andrew,Gibson,andrew.gibson40@edu.com,Female,21,87,15,59,71,45,8,78.45
14,Jacqueline,York,jacqueline.york4@edu.com,Female,22,65,3,54,44,53,9,55.33
15,Jack,Mann,jack.mann92@edu.com,Male,20,75,9,37,44,88,0,61.15
16,Aimee,Perez,aimee.perez2@edu.com,Male,19,99,7,84,96,68,1,93.34
17,Emily,Bradley,emily.bradley45@edu.com,Female,22,64,1,62,84,80,8,82.67
18,Patrick,Miller,patrick.miller79@edu.com,Male,18,90,10,89,74,52,7,92.04
19,Kimberly,Noble,kimberly.noble29@edu.com,Female,19,65,23,100,68,63,10,100.0
20,Matthew,Woods,matthew.woods55@edu.com,Female,21,97,16,69,95,49,8,99.7
21,April,Beck,april.beck67@edu.com,Female,19,76,11,30,60,30,4,52.85
22,Elaine,Johnson,elaine.johnson96@edu.com,Male,20,77,3,85,92,64,5,87.23
23,Jennifer,Ayala,jennifer.ayala7@edu.com,Male,18,75,5,72,84,82,7,80.96
24,Madeline,Chavez,madeline.chavez78@edu.com,Male,19,73,19,60,80,44,5,81.21
25,Pamela,Baird,pamela.baird32@edu.com,Male,21,79,7,46,58,37,2,60.48
26,Eric,Mahoney,eric.mahoney4@edu.com,Female,19,96,10,65,86,77,4,94.46
27,Richard,Payne,richard.payne86@edu.com,Female,22,80,9,45,54,93,4,72.02
28,Ronald,Welch,ronald.welch39@edu.com,Female,22,67,12,61,94,63,9,84.08
29,Joseph,Bryant,joseph.bryant18@edu.com,Male,18,67,16,58,80,91,1,86.59
30,Thomas,Thomas,thomas.thomas72@edu.com,Female,18,93,3,38,53,95,5,63.62
31,Shawn,George,shawn.george65@edu.com,Male,18,99,14,35,75,90,7,83.1
32,Randy,Edwards,randy.edwards2@edu.com,Male,20,60,9,79,82,67,4,84.32
33,Mathew,Ruiz,mathew.ruiz20@edu.com,Female,21,76,18,84,53,30,3,85.0
34,William,Bradley,william.bradley24@edu.com,Male,19,93,23,74,48,68,1,87.11
35,Linda,Campbell,linda.campbell72@edu.com,Female,21,81,16,89,88,77,1,99.79
36,Kayla,George,kayla.george85@edu.com,Female,22,69,0,30,48,68,1,49.24
37,Brandon,Wise,brandon.wise41@edu.com,Male,22,90,20,39,81,93,2,89.96
38,Thomas,Jackson,thomas.jackson36@edu.com,Female,22,90,23,40,93,90,5,89.09
39,Lauren,Arnold,lauren.arnold10@edu.com,Male,19,65,10,92,72,54,0,86.43
40,Andrea,Green,andrea.green49@edu.com,Female,19,93,12,95,75,80,6,96.57
41,Lori,Murphy,lori.murphy8@edu.com,Male,22,86,5,97,53,74,3,81.09
42,Leslie,Vega,leslie.vega87@edu.com,Male,20,72,9,88,83,95,4,93.6
43,Shannon,Martinez,shannon.martinez43@edu.com,Female,19,89,6,35,96,87,8,73.95
44,Mark,Pruitt,mark.pruitt48@edu.com,Female,19,72,14,95,88,77,7,100.0
45,Dustin,Bradley,dustin.bradley27@edu.com,Female,18,67,2,30,97,92,10,65.88
46,Kyle,Jennings,kyle.jennings22@edu.com,Male,22,76,11,70,96,53,5,87.82
47,Angela,Summers,angela.summers87@edu.com,Female,21,94,12,46,54,37,3,64.36
48,Amy,Turner,amy.turner93@edu.com,Female,22,87,17,99,84,36,10,98.03
49,John,West,john.west78@edu.com,Female,19,75,8,78,76,31,1,72.37
50,Michael,Cross,michael.cross5@edu.com,Male,18,100,9,30,53,47,6,53.3
51,Brandi,Cabrera,brandi.cabrera33@edu.com,Male,19,64,4,34,95,39,5,68.53
52,Michelle,Colon,michelle.colon9@edu.com,Male,20,93,19,43,65,89,2,78.15
53,Christopher,Kirk,christopher.kirk89@edu.com,Female,22,78,11,91,43,43,1,78.14
54,Shannon,Obrien,shannon.obrien17@edu.com,Male,20,64,23,56,47,68,6,87.14
55,Daniel,Mills,daniel.mills40@edu.com,Female,18,83,20,83,86,70,8,94.81
56,Michael,White,michael.white45@edu.com,Female,22,90,23,54,57,78,7,78.02
57,Megan,French,megan.french83@edu.com,Male,20,80,16,82,98,79,9,100.0
58,Kevin,Romero,kevin.romero98@edu.com,Male,18,78,16,83,60,34,5,82.08
59,Jonathan,Vargas,jonathan.vargas92@edu.com,Female,22,93,4,32,72,65,9,61.71
60,John,Harrell,john.harrell25@edu.com,Female,19,100,12,74,50,80,2,79.16
61,Brittany,White,brittany.white85@edu.com,Male,21,91,20,97,45,48,8,94.49
62,Stephanie,Richardson,stephanie.richardson30@edu.com,Male,19,66,4,51,96,57,1,71.22
63,Claudia,Murphy,claudia.murphy3@edu.com,Female,19,71,18,50,59,77,6,86.47
64,Anna,Jones,anna.jones89@edu.com,Female,21,99,2,40,44,69,3,56.36
65,Judy,Wood,judy.wood68@edu.com,Male,21,67,2,44,74,63,1,65.36
66,Amanda,Landry,amanda.landry43@edu.com,Male,20,96,23,69,43,44,4,83.65
67,Tanya,Stevens,tanya.stevens50@edu.com,Female,21,71,23,88,48,92,5,94.83
68,Samuel,Barrera,samuel.barrera23@edu.com,Male,21,86,1,94,88,63,1,88.14
69,Vincent,Eaton,vincent.eaton67@edu.com,Female,22,69,24,52,48,71,3,78.84
70,Shannon,Jones,shannon.jones89@edu.com,Male,20,60,21,31,45,44,3,59.0
71,Dawn,Frank,dawn.frank63@edu.com,Female,22,83,0,34,70,57,2,54.99
72,Mark,Bautista,mark.bautista92@edu.com,Male,22,87,7,82,92,85,8,97.66
73,Tammy,Gray,tammy.gray52@edu.com,Male,20,76,7,79,45,34,0,70.2
74,Marie,Lucas,marie.lucas2@edu.com,Male,21,93,12,98,97,30,5,97.63
75,Amanda,Aguilar,amanda.aguilar55@edu.com,Male,21,80,17,76,55,79,8,90.93
76,Jennifer,Sparks,jennifer.sparks29@edu.com,Male,22,82,10,94,53,89,3,86.45
77,Jason,Yang,jason.yang55@edu.com,Female,22,96,14,75,80,82,3,95.25
78,David,Hayden,david.hayden43@edu.com,Male,20,69,3,35,88,30,5,55.81
79,Carl,Costa,carl.costa27@edu.com,Male,18,85,21,36,91,32,8,74.2
80,Tony,Howard,tony.howard79@edu.com,Male,18,85,21,52,60,51,3,79.7
81,Jessica,Anderson,jessica.anderson61@edu.com,Female,22,73,16,78,77,36,6,83.69
82,Sean,Moore,sean.moore46@edu.com,Male,22,62,0,62,71,68,1,64.42
83,Mario,Brooks,mario.brooks75@edu.com,Female,22,70,19,53,79,54,10,84.41
84,Laura,Long,laura.long67@edu.com,Male,22,83,20,94,45,72,7,100.0
85,Julie,Castaneda,julie.castaneda14@edu.com,Female,22,65,13,52,65,74,8,77.07
86,Roberto,Santana,roberto.santana93@edu.com,Female,19,100,7,93,87,58,4,93.95
87,Douglas,Hernandez,douglas.hernandez41@edu.com,Female,21,82,21,59,76,51,4,87.3
88,Kevin,Finley,kevin.finley60@edu.com,Female,20,100,23,53,43,41,2,76.22
89,Jessica,Day,jessica.day9@edu.com,Male,18,74,7,93,72,52,0,83.77
90,Lori,Brandt,lori.brandt79@edu.com,Female,22,90,20,42,78,48,9,81.68
91,Maria,Garcia,maria.garcia6@edu.com,Female,18,80,11,87,46,86,4,93.28
92,Emily,Baker,emily.baker70@edu.com,Male,21,90,13,95,100,61,0,99.09
93,Benjamin,Deleon,benjamin.deleon49@edu.com,Female,19,82,19,88,89,65,3,98.04
94,Kenneth,Hall,kenneth.hall17@edu.com,Female,21,98,2,96,88,84,1,91.33
95,Kayla,Ramirez,kayla.ramirez66@edu.com,Female,19,65,23,55,48,42,8,74.26
96,Evelyn,White,evelyn.white97@edu.com,Male,22,77,18,64,62,80,5,84.59
97,Jacob,Martinez,jacob.martinez74@edu.com,Female,20,78,13,87,47,53,0,78.41
98,Raymond,Robertson,raymond.robertson89@edu.com,Male,21,78,22,46,62,70,8,84.62
99,Gloria,Bradford,gloria.bradford52@edu.com,Female,20,100,8,78,48,76,6,83.53
100,Justin,Boyd,justin.boyd7@edu.com,Male,18,77,13,57,76,65,5,82.04
101,Laurie,Lambert,laurie.lambert84@edu.com,Female,19,63,10,57,40,41,4,61.45
102,Carolyn,Cox,carolyn.cox42@edu.com,Female,19,90,23,92,61,49,5,100.0
103,Thomas,Schwartz,thomas.schwartz60@edu.com,Female,18,74,10,37,41,90,3,63.23
104,Tamara,Williams,tamara.williams26@edu.com,Male,21,85,11,99,81,56,10,98.04
105,Zachary,Taylor,zachary.taylor57@edu.com,Male,18,88,12,35,42,37,8,57.15
106,Stacey,Lam,stacey.lam91@edu.com,Female,18,78,18,44,86,33,10,79.73
107,Sheri,Harper,sheri.harper64@edu.com,Female,19,91,6,48,67,30,6,58.89
108,Tyler,Smith,tyler.smith85@edu.com,Male,20,89,18,39,43,45,7,66.66
109,Janice,James,janice.james15@edu.com,Female,21,63,11,38,77,60,6,71.13
110,Brianna,Garcia,brianna.garcia68@edu.com,Female,19,83,23,44,67,54,7,83.04
111,Brian,Griffin,brian.griffin59@edu.com,Male,20,64,2,84,61,67,3,69.15
112,James,Gray,james.gray7@edu.com,Female,19,79,9,94,70,93,8,99.8
113,Willie,Pham,willie.pham69@edu.com,Male,22,87,13,32,58,68,10,69.96
114,Laurie,Jones,laurie.jones3@edu.com,Female,22,70,24,86,99,87,7,100.0
115,Robert,Guzman,robert.guzman46@edu.com,Female,20,63,11,96,85,45,2,87.16
116,Joanna,Rowland,joanna.rowland98@edu.com,Male,19,62,0,78,50,56,6,62.89
117,Amy,Jenkins,amy.jenkins81@edu.com,Male,20,74,16,45,66,78,7,76.88
118,Melissa,Griffin,melissa.griffin9@edu.com,Male,21,65,18,63,49,64,5,73.84
119,Kevin,Brown,kevin.brown13@edu.com,Male,19,80,0,43,57,43,2,50.67
120,Scott,Smith,scott.smith96@edu.com,Male,18,94,3,87,77,79,7,87.61
121,Casey,Schultz,casey.schultz43@edu.com,Female,19,100,15,34,78,94,3,85.89
122,William,Duncan,william.duncan40@edu.com,Male,20,79,22,69,77,93,10,100.0
123,Mitchell,Schneider,mitchell.schneider8@edu.com,Male,20,94,11,55,85,41,8,77.54
124,Martha,Spencer,martha.spencer26@edu.com,Female,21,86,20,71,61,75,5,91.52
125,Adrian,Curtis,adrian.curtis14@edu.com,Female,21,95,6,38,82,81,0,69.55
126,Amy,Ward,amy.ward78@edu.com,Male,20,95,3,55,69,76,10,68.19
127,Angela,Oliver,angela.oliver73@edu.com,Male,21,62,8,65,41,91,7,70.52
128,Teresa,Taylor,teresa.taylor36@edu.com,Male,18,63,6,39,41,59,5,55.79
129,William,Campbell,william.campbell99@edu.com,Female,18,72,0,76,82,30,0,63.37
130,Sandra,Duke,sandra.duke2@edu.com,Male,22,71,21,82,95,31,1,97.27
131,Brooke,Martin,brooke.martin82@edu.com,Female,22,75,7,90,54,64,9,79.63
132,Tanya,Day,tanya.day63@edu.com,Male,18,93,14,89,96,41,5,96.47
133,Joshua,May,joshua.may73@edu.com,Female,18,78,0,65,95,52,1,71.47
134,Nicholas,Smith,nicholas.smith4@edu.com,Male,19,93,19,81,91,81,3,100.0
135,Danielle,Williams,danielle.williams72@edu.com,Male,21,65,21,32,81,73,6,82.75
136,Edward,Parks,edward.parks22@edu.com,Female,21,73,4,65,44,92,5,70.49
137,Joel,White,joel.white37@edu.com,Male,22,83,1,54,80,54,7,65.42
138,Patricia,Reynolds,patricia.reynolds49@edu.com,Female,19,69,4,37,75,49,9,62.38
139,Kimberly,Obrien,kimberly.obrien39@edu.com,Male,21,88,1,47,80,72,6,62.83
140,Rose,Garcia,rose.garcia22@edu.com,Female,20,70,12,57,88,81,10,94.28
141,Michael,White,michael.white94@edu.com,Male,18,74,19,42,71,79,8,82.6
142,Jennifer,Ford,jennifer.ford18@edu.com,Male,22,79,19,41,67,66,5,75.71
143,Kara,Brown,kara.brown87@edu.com,Male,20,96,13,82,66,48,10,89.87
144,Gerald,Kemp,gerald.kemp6@edu.com,Male,21,93,2,97,50,30,6,73.5
145,Matthew,Morgan,matthew.morgan82@edu.com,Female,22,83,22,91,42,70,1,94.24
146,Bryan,Juarez,bryan.juarez79@edu.com,Male,18,71,17,93,85,30,3,91.44
147,Brian,Jones,brian.jones29@edu.com,Male,19,69,0,89,99,62,0,83.28
148,Daniel,Perkins,daniel.perkins92@edu.com,Female,22,94,22,33,54,94,6,79.04
149,Eric,Thomas,eric.thomas88@edu.com,Male,21,91,2,48,79,49,1,64.69
150,Jeffrey,Mcguire,jeffrey.mcguire79@edu.com,Male,18,61,18,35,88,52,0,80.97
151,Richard,Mclaughlin,richard.mclaughlin61@edu.com,Female,19,87,5,47,53,83,7,69.57
152,Jose,Mcdonald,jose.mcdonald34@edu.com,Female,22,92,23,92,75,53,6,100.0
153,Latoya,Ellis,latoya.ellis38@edu.com,Male,19,81,3,32,45,87,8,55.62
154,Katherine,Lee,katherine.lee42@edu.com,Female,18,73,0,45,94,76,7,78.44
155,Travis,Lang,travis.lang78@edu.com,Female,21,90,2,86,42,81,5,75.67
156,Dana,Buck,dana.buck20@edu.com,Female,22,88,12,59,96,77,4,92.16
157,Kelly,Flynn,kelly.flynn35@edu.com,Female,22,87,22,72,61,77,4,93.55
158,Megan,Stein,megan.stein39@edu.com,Female,19,67,20,74,70,56,5,95.11
159,Joel,Clarke,joel.clarke31@edu.com,Female,21,77,12,57,52,78,6,78.19
160,Jacqueline,Ellis,jacqueline.ellis90@edu.com,Female,18,97,19,78,80,84,6,100.0
161,Elizabeth,Lee,elizabeth.lee47@edu.com,Male,18,79,4,35,41,77,9,57.92
162,Jessica,Johnson,jessica.johnson87@edu.com,Female,21,97,8,48,85,85,9,85.45
163,Benjamin,Cisneros,benjamin.cisneros39@edu.com,Male,19,98,24,58,50,65,9,84.7
164,Cynthia,Sullivan,cynthia.sullivan34@edu.com,Female,18,87,2,79,45,51,10,64.77
165,Joshua,Contreras,joshua.contreras75@edu.com,Male,18,91,5,94,63,73,0,83.1
166,Julia,Sims,julia.sims4@edu.com,Male,20,98,8,42,88,39,4,70.53
167,John,Melendez,john.melendez77@edu.com,Female,19,70,2,45,91,89,10,76.88
168,Douglas,Smith,douglas.smith78@edu.com,Female,22,75,12,100,70,87,8,96.09
169,Ian,Ortega,ian.ortega49@edu.com,Female,21,90,19,46,96,70,0,91.06
170,Teresa,Ford,teresa.ford92@edu.com,Male,19,91,5,63,87,89,8,84.33
171,Andre,Evans,andre.evans30@edu.com,Female,22,96,15,92,86,75,3,100.0
172,Brandon,Brooks,brandon.brooks83@edu.com,Female,22,60,7,37,63,59,6,63.09
173,Beth,Gordon,beth.gordon42@edu.com,Male,21,65,18,77,81,93,4,100.0
174,John,Hawkins,john.hawkins89@edu.com,Male,18,95,9,50,50,92,10,76.37
175,Lisa,Wilson,lisa.wilson2@edu.com,Female,19,90,12,77,46,66,7,78.96
176,Joshua,Kelley,joshua.kelley89@edu.com,Male,22,62,3,75,82,72,0,82.43
177,Megan,Gregory,megan.gregory10@edu.com,Male,18,94,9,63,67,56,9,79.51
178,Todd,Diaz,todd.diaz22@edu.com,Male,18,74,9,63,55,45,0,69.48
179,Tiffany,Ochoa,tiffany.ochoa89@edu.com,Male,18,69,17,69,55,31,8,78.55
180,Jocelyn,Ford,jocelyn.ford19@edu.com,Male,18,70,7,86,98,37,8,89.54
181,Jacqueline,Francis,jacqueline.francis35@edu.com,Female,19,60,8,81,88,38,2,82.17
182,Barbara,Reyes,barbara.reyes13@edu.com,Female,18,91,16,63,44,35,5,77.45
183,Sharon,Johnson,sharon.johnson80@edu.com,Male,19,96,23,56,92,55,1,88.54
184,David,Andrade,david.andrade56@edu.com,Female,22,82,22,46,70,42,10,85.14
185,Amanda,Banks,amanda.banks70@edu.com,Female,20,63,13,65,65,55,9,82.43
186,Kayla,Williams,kayla.williams16@edu.com,Male,22,82,7,54,59,80,8,69.17
187,Stephen,Schwartz,stephen.schwartz81@edu.com,Female,19,91,21,32,71,94,0,84.99
188,Sarah,Patterson,sarah.patterson79@edu.com,Female,21,80,3,67,82,67,4,76.35
189,Katelyn,Garcia,katelyn.garcia33@edu.com,Female,22,96,1,74,54,70,0,68.64
190,Eric,Graham,eric.graham9@edu.com,Female,18,63,1,37,88,91,2,69.76
191,Emily,Bailey,emily.bailey52@edu.com,Male,21,100,6,63,42,86,9,77.8
192,Brittany,Wright,brittany.wright21@edu.com,Male,18,89,18,72,75,65,8,88.82
193,Cathy,Flynn,cathy.flynn30@edu.com,Female,20,69,13,80,48,70,1,76.78
194,Maria,Miller,maria.miller99@edu.com,Female,20,73,0,77,73,95,5,85.23
195,Sarah,Wilson,sarah.wilson64@edu.com,Female,19,96,18,45,56,54,10,75.53
196,Jared,Santana,jared.santana24@edu.com,Male,21,91,22,62,81,71,1,94.81
197,William,Dickerson,william.dickerson88@edu.com,Female,20,60,8,48,61,73,0,63.64
198,Steven,Cohen,steven.cohen97@edu.com,Female,19,70,5,72,53,91,2,78.85
199,Lisa,Beltran,lisa.beltran48@edu.com,Female,22,64,15,76,65,44,8,85.75
200,Aaron,Haynes,aaron.haynes64@edu.com,Female,20,89,18,49,53,37,2,75.32
201,Karen,Torres,karen.torres80@edu.com,Male,22,96,17,74,61,56,4,87.45
202,Mary,Hunter,mary.hunter85@edu.com,Male,20,88,16,63,53,82,4,83.53
203,Chad,Austin,chad.austin57@edu.com,Male,20,69,8,60,92,61,10,77.67
204,Adam,Park,adam.park66@edu.com,Female,20,68,1,41,71,73,7,61.74
205,Karen,Barajas,karen.barajas73@edu.com,Female,18,75,17,68,80,81,1,86.48
206,Erica,Lewis,erica.lewis27@edu.com,Male,19,74,15,69,78,36,5,78.04
207,Mia,Reyes,mia.reyes7@edu.com,Female,22,66,23,58,80,79,6,91.76
208,Walter,Dunn,walter.dunn74@edu.com,Female,18,90,8,43,45,84,4,66.88
209,April,Jackson,april.jackson14@edu.com,Female,22,66,0,41,91,34,6,60.35
210,Brian,Elliott,brian.elliott76@edu.com,Female,22,60,0,40,99,58,9,70.43
211,Jocelyn,Lopez,jocelyn.lopez15@edu.com,Male,20,94,9,91,67,87,3,96.14
212,Nathan,Barnes,nathan.barnes20@edu.com,Male,20,89,17,34,59,65,3,73.05
213,Lawrence,Smith,lawrence.smith8@edu.com,Female,21,76,20,78,79,80,6,97.19
214,Dominique,Stanton,dominique.stanton25@edu.com,Male,22,63,13,37,40,51,6,53.48
215,Yolanda,Hernandez,yolanda.hernandez55@edu.com,Female,20,74,7,89,51,61,5,77.21
216,Kristina,Carter,kristina.carter46@edu.com,Male,19,87,14,46,70,43,4,71.02
217,Marilyn,Cox,marilyn.cox56@edu.com,Female,19,100,10,36,84,41,5,71.78
218,April,White,april.white37@edu.com,Female,20,82,0,94,76,80,7,91.93
219,Deborah,Williams,deborah.williams31@edu.com,Male,21,84,5,96,76,94,7,100.0
220,Katherine,Matthews,katherine.matthews5@edu.com,Female,18,79,11,38,93,58,4,73.43
221,Christian,Jackson,christian.jackson40@edu.com,Female,22,91,1,92,93,87,7,95.66
222,Tina,Nelson,tina.nelson79@edu.com,Female,18,94,0,92,75,83,4,85.2
223,Samantha,Murray,samantha.murray9@edu.com,Male,20,99,0,31,70,32,1,49.63
224,Dylan,Knight,dylan.knight63@edu.com,Female,18,74,11,67,50,67,10,74.56
225,Beth,Johnson,beth.johnson24@edu.com,Female,18,96,8,82,53,93,10,86.43
226,Charles,Martin,charles.martin67@edu.com,Female,21,92,19,65,90,84,0,95.35
227,Thomas,Murphy,thomas.murphy29@edu.com,Male,21,63,12,68,87,53,1,86.3
228,Megan,Jackson,megan.jackson99@edu.com,Male,19,90,23,98,47,58,8,100.0
229,Brenda,Mcneil,brenda.mcneil74@edu.com,Male,19,74,9,100,72,73,9,100.0
230,Emily,Miller,emily.miller23@edu.com,Female,19,93,15,74,96,69,1,100.0
231,Shelby,Acevedo,shelby.acevedo44@edu.com,Female,18,97,19,64,77,54,8,92.0
232,Kaitlyn,Howe,kaitlyn.howe19@edu.com,Female,22,98,16,59,85,92,9,95.06
233,Ricky,Chambers,ricky.chambers92@edu.com,Male,18,62,12,56,86,33,8,79.13
234,Erin,Harris,erin.harris37@edu.com,Female,19,73,0,82,84,55,8,76.84
235,Karen,Richardson,karen.richardson12@edu.com,Male,22,87,23,32,91,37,0,74.93
236,Gregory,Watkins,gregory.watkins62@edu.com,Male,20,82,12,49,86,72,4,84.65
237,Matthew,Harmon,matthew.harmon72@edu.com,Female,22,91,11,36,81,41,10,64.62
238,Steven,Shah,steven.shah23@edu.com,Female,20,93,18,64,81,33,9,84.91
239,Ralph,Lewis,ralph.lewis73@edu.com,Female,18,68,23,34,51,35,10,71.31
240,Todd,Manning,todd.manning32@edu.com,Female,22,60,4,58,74,35,3,62.51
241,Alyssa,Meyers,alyssa.meyers31@edu.com,Male,21,62,19,85,66,83,5,96.31
242,Kimberly,Hansen,kimberly.hansen11@edu.com,Male,19,83,6,68,65,92,2,81.67
243,Jill,Nguyen,jill.nguyen28@edu.com,Male,19,63,22,53,54,90,5,83.55
244,Patrick,Duncan,patrick.duncan37@edu.com,Female,20,99,15,92,84,43,4,96.01
245,James,Johnson,james.johnson40@edu.com,Female,21,70,0,31,96,54,3,56.53
246,Heather,Melton,heather.melton34@edu.com,Female,19,78,15,58,57,47,9,76.0
247,Jeffrey,Goodwin,jeffrey.goodwin82@edu.com,Female,19,93,0,98,67,81,7,87.55
248,Matthew,Stevens,matthew.stevens78@edu.com,Male,18,70,18,56,65,57,1,78.19
249,James,Randolph,james.randolph51@edu.com,Male,18,62,16,53,61,46,1,73.79
250,Ebony,Brown,ebony.brown19@edu.com,Male,20,98,14,58,43,51,10,71.39
251,Elizabeth,Chung,elizabeth.chung8@edu.com,Female,22,90,24,49,60,51,2,83.58
252,Judy,Parker,judy.parker65@edu.com,Female,18,94,17,32,86,89,10,87.07
253,Crystal,Baker,crystal.baker85@edu.com,Male,19,94,19,50,86,46,1,79.43
254,Shawn,Casey,shawn.casey59@edu.com,Female,22,98,10,42,89,55,10,76.59
255,Rachel,Mcgee,rachel.mcgee59@edu.com,Male,20,91,10,53,84,71,0,76.36
256,Julie,Gallegos,julie.gallegos83@edu.com,Male,22,81,7,65,82,32,10,73.17
257,Jeffery,Phillips,jeffery.phillips37@edu.com,Male,22,72,18,57,56,78,7,83.19
258,Ernest,Romero,ernest.romero95@edu.com,Male,18,98,6,57,99,88,2,84.31
259,Jason,Hopkins,jason.hopkins33@edu.com,Female,22,75,3,73,47,88,6,72.75
260,Cynthia,Mendoza,cynthia.mendoza41@edu.com,Female,20,99,14,61,47,90,6,81.66
261,Kristen,Higgins,kristen.higgins20@edu.com,Female,21,70,5,46,90,37,7,66.81
262,Timothy,Ferguson,timothy.ferguson62@edu.com,Female,18,72,20,35,86,49,3,77.49
263,Michael,Morales,michael.morales30@edu.com,Female,18,91,5,77,50,42,10,72.59
264,Kimberly,Brady,kimberly.brady4@edu.com,Male,20,95,7,92,52,62,10,82.7
265,Larry,Jenkins,larry.jenkins42@edu.com,Female,21,66,14,38,100,82,3,84.73
266,Jesse,Clark,jesse.clark58@edu.com,Female,20,65,3,63,67,89,5,72.06
267,Mark,Mack,mark.mack79@edu.com,Male,21,79,9,53,65,44,4,66.74
268,Katherine,Hansen,katherine.hansen11@edu.com,Female,18,68,5,98,74,87,6,92.59
269,Laurie,Monroe,laurie.monroe69@edu.com,Male,22,74,5,70,77,64,1,78.42
270,Thomas,Coffey,thomas.coffey91@edu.com,Female,22,99,12,60,99,35,10,88.94
271,Katie,Perez,katie.perez24@edu.com,Female,19,92,12,88,87,42,2,95.18
272,Joshua,Davis,joshua.davis80@edu.com,Female,19,87,4,91,88,32,3,79.87
273,Jose,Daniel,jose.daniel16@edu.com,Male,21,92,24,47,55,39,5,75.05
274,Andrea,Mullins,andrea.mullins13@edu.com,Male,18,76,22,97,74,77,2,100.0
275,Misty,Wells,misty.wells29@edu.com,Female,20,87,19,53,89,95,3,98.58
276,Cheryl,Frederick,cheryl.frederick66@edu.com,Male,21,84,7,70,86,91,6,88.96
277,Catherine,Poole,catherine.poole80@edu.com,Female,18,62,23,45,82,60,8,86.42
278,Anthony,Anderson,anthony.anderson93@edu.com,Male,20,69,9,43,51,85,10,70.92
279,Gabriel,Jackson,gabriel.jackson82@edu.com,Female,22,98,11,96,65,71,2,95.65
280,Jessica,Hill,jessica.hill44@edu.com,Male,21,83,6,90,63,66,4,80.33
281,Melanie,Ryan,melanie.ryan94@edu.com,Female,22,67,20,42,41,91,1,72.86
282,Aaron,Hernandez,aaron.hernandez10@edu.com,Female,20,89,0,89,81,90,2,93.68
283,Kathy,Rosario,kathy.rosario84@edu.com,Male,20,85,15,38,50,63,9,69.6
284,Julie,Thomas,julie.thomas83@edu.com,Female,18,67,19,77,42,74,9,86.56
285,David,Rivera,david.rivera10@edu.com,Male,19,70,14,99,48,77,9,90.64
286,Richard,Ford,richard.ford17@edu.com,Female,20,61,7,85,45,68,0,75.81
287,Sheila,Wright,sheila.wright20@edu.com,Male,22,85,11,73,58,31,0,75.21
288,James,Mcdonald,james.mcdonald3@edu.com,Female,21,73,22,38,56,32,1,74.17
289,Scott,Davis,scott.davis59@edu.com,Male,21,81,23,51,72,45,4,82.63
290,Katherine,Simpson,katherine.simpson25@edu.com,Female,22,77,16,41,53,43,5,66.79
291,Kayla,Robinson,kayla.robinson31@edu.com,Female,22,98,3,81,99,48,4,85.07
292,Michelle,Wiggins,michelle.wiggins80@edu.com,Male,18,67,0,45,77,30,5,57.21
293,Michael,Francis,michael.francis23@edu.com,Male,20,63,23,56,64,83,7,83.05
294,Chase,Walker,chase.walker85@edu.com,Female,21,96,21,56,78,32,8,77.77
295,Tina,Chang,tina.chang15@edu.com,Female,21,85,11,70,41,56,3,67.3
296,Emily,Alvarez,emily.alvarez99@edu.com,Female,18,98,19,45,96,54,6,87.43
297,Ryan,Wall,ryan.wall17@edu.com,Male,22,90,16,60,73,42,6,74.59
298,Dawn,Williams,dawn.williams5@edu.com,Male,18,76,24,61,78,55,10,95.38
299,Robert,Martinez,robert.martinez54@edu.com,Female,18,85,0,82,51,52,4,72.77
300,Angela,Morris,angela.morris62@edu.com,Male,20,81,13,54,80,87,5,79.02
301,Rebecca,Vasquez,rebecca.vasquez59@edu.com,Male,19,65,17,87,84,37,9,90.24
302,Michael,Lucas,michael.lucas51@edu.com,Male,20,71,1,37,47,30,0,40.04
303,Theresa,Delacruz,theresa.delacruz51@edu.com,Male,21,93,14,97,84,79,3,99.93
304,Edward,Brady,edward.brady59@edu.com,Female,20,63,19,84,73,32,1,89.83
305,Thomas,Campbell,thomas.campbell77@edu.com,Female,18,77,12,74,66,57,2,78.19
306,William,Mack,william.mack54@edu.com,Female,19,95,14,80,47,85,2,85.9
307,Jennifer,Henry,jennifer.henry60@edu.com,Female,22,96,18,68,63,80,9,88.82
308,Jack,Perez,jack.perez97@edu.com,Male,21,95,7,93,81,55,7,90.16
309,James,Martin,james.martin55@edu.com,Male,21,68,5,56,48,59,1,57.19
310,Bruce,Frazier,bruce.frazier58@edu.com,Male,18,68,16,33,66,74,10,70.99
311,Cynthia,Estrada,cynthia.estrada22@edu.com,Female,21,86,9,96,58,67,9,89.6
312,Michael,Williams,michael.williams97@edu.com,Female,18,76,0,87,82,36,3,78.51
313,Sean,Smith,sean.smith2@edu.com,Male,18,99,15,63,86,43,2,83.41
314,Kathy,Gomez,kathy.gomez67@edu.com,Female,19,68,4,32,60,72,2,61.0
315,David,Jones,david.jones78@edu.com,Male,19,98,19,71,42,46,1,75.14
316,Jose,Herring,jose.herring14@edu.com,Male,21,81,8,80,57,52,8,76.05
317,Jennifer,Moss,jennifer.moss49@edu.com,Male,20,64,24,40,57,50,1,71.6
318,Patty,Taylor,patty.taylor65@edu.com,Female,22,97,14,61,83,68,2,89.0
319,Destiny,Wilson,destiny.wilson75@edu.com,Male,20,84,12,71,60,71,3,84.39
320,Megan,Hayes,megan.hayes16@edu.com,Female,18,65,24,61,81,43,4,92.24
321,Gail,Morton,gail.morton30@edu.com,Female,22,61,6,80,45,75,7,73.69
322,Patricia,Chapman,patricia.chapman76@edu.com,Male,22,80,11,32,46,44,8,58.88
323,Brady,Riley,brady.riley27@edu.com,Female,21,78,2,56,53,70,9,63.95
324,Raymond,Garcia,raymond.garcia24@edu.com,Male,22,72,15,57,75,89,4,84.22
325,Louis,Gregory,louis.gregory78@edu.com,Female,18,80,16,59,68,62,10,85.76
326,James,Lucero,james.lucero89@edu.com,Male,22,90,3,57,95,57,10,77.97
327,Karen,Johnson,karen.johnson69@edu.com,Female,19,94,9,56,61,37,5,70.24
328,Amy,Phillips,amy.phillips33@edu.com,Male,18,69,7,31,55,52,10,48.84
329,Elizabeth,Jones,elizabeth.jones36@edu.com,Female,18,65,19,44,61,70,0,73.35
330,Kayla,Wong,kayla.wong59@edu.com,Female,21,100,2,92,92,44,1,88.23
331,Kyle,Howard,kyle.howard92@edu.com,Female,19,99,7,81,91,40,10,87.0
332,Daniel,Parker,daniel.parker3@edu.com,Male,18,65,15,84,87,54,2,93.08
333,Eric,Thompson,eric.thompson6@edu.com,Female,21,82,14,57,74,42,7,77.3
334,Jacob,Norton,jacob.norton40@edu.com,Female,19,71,3,49,58,43,0,52.13
335,Melissa,Garcia,melissa.garcia32@edu.com,Female,19,73,24,37,82,71,2,89.6
336,Sherry,Allen,sherry.allen4@edu.com,Female,19,77,9,46,46,57,1,63.61
337,Misty,Alvarez,misty.alvarez94@edu.com,Female,22,77,4,76,82,44,7,77.28
338,James,Young,james.young52@edu.com,Male,18,81,18,48,73,42,0,78.14
339,Faith,Young,faith.young6@edu.com,Male,22,90,4,97,77,79,10,95.72
340,James,Schmitt,james.schmitt41@edu.com,Female,21,86,1,60,97,87,5,76.87
341,Sarah,Allen,sarah.allen58@edu.com,Male,18,95,24,40,64,75,9,83.0
342,Shawn,Williams,shawn.williams20@edu.com,Male,21,76,18,55,81,42,2,82.92
343,Andrew,Grimes,andrew.grimes82@edu.com,Male,22,100,18,89,45,89,8,98.54
344,Kathryn,Todd,kathryn.todd98@edu.com,Female,18,78,22,30,85,33,8,75.4
345,Andrew,Gould,andrew.gould82@edu.com,Male,20,63,19,89,72,76,0,100.0
346,Brian,Murphy,brian.murphy31@edu.com,Female,22,69,9,66,97,95,8,90.42
347,Dustin,Jones,dustin.jones80@edu.com,Female,21,61,16,38,68,75,8,83.37
348,Brittany,Short,brittany.short43@edu.com,Male,22,82,7,42,53,42,4,53.84
349,Theresa,Santos,theresa.santos84@edu.com,Male,18,68,23,69,82,75,0,100.0
350,Joseph,Williams,joseph.williams18@edu.com,Male,21,93,0,65,55,57,6,59.45
351,Kristi,Rodriguez,kristi.rodriguez89@edu.com,Male,22,91,1,91,59,72,3,77.58
352,Matthew,Garcia,matthew.garcia43@edu.com,Female,18,72,7,56,76,71,3,66.33
353,Brittney,Lyons,brittney.lyons89@edu.com,Female,21,76,18,74,58,51,7,89.05
354,Dustin,Thomas,dustin.thomas35@edu.com,Female,18,74,11,60,82,35,10,72.31
355,Cory,Fields,cory.fields94@edu.com,Female,19,89,7,77,59,95,8,82.02
356,James,Fuentes,james.fuentes40@edu.com,Male,22,95,21,72,47,46,9,82.45
357,Jennifer,Huynh,jennifer.huynh2@edu.com,Male,19,98,22,36,60,88,5,83.84
358,Joseph,Figueroa,joseph.figueroa91@edu.com,Female,18,82,13,100,65,70,6,97.55
359,Jerry,Anderson,jerry.anderson95@edu.com,Male,20,95,15,93,47,76,0,92.46
360,Evelyn,Brown,evelyn.brown71@edu.com,Female,19,88,8,91,57,93,6,85.24
361,William,Lamb,william.lamb53@edu.com,Female,21,83,7,100,86,80,6,94.01
362,Joy,Peters,joy.peters2@edu.com,Male,22,80,18,99,60,35,8,88.55
363,Jacqueline,Hale,jacqueline.hale76@edu.com,Female,22,69,13,42,45,71,2,59.02
364,Michelle,Wilson,michelle.wilson69@edu.com,Male,18,88,8,75,60,52,3,75.25
365,Nathaniel,Newman,nathaniel.newman87@edu.com,Female,21,74,20,74,46,72,6,88.67
366,Michael,Johnson,michael.johnson61@edu.com,Female,18,80,3,71,69,85,9,76.96
367,Wesley,Cantu,wesley.cantu86@edu.com,Male,18,79,6,88,82,62,4,83.65
368,William,Chavez,william.chavez78@edu.com,Female,19,72,0,99,46,44,2,70.84
369,Leslie,Parker,leslie.parker54@edu.com,Female,18,99,16,82,41,55,8,83.35
370,Justin,Small,justin.small17@edu.com,Female,22,73,0,44,47,95,7,61.12
371,Andrew,Odom,andrew.odom31@edu.com,Female,19,85,2,78,64,93,5,82.56
372,Thomas,Patrick,thomas.patrick3@edu.com,Female,21,88,10,75,74,63,1,77.07
373,Vanessa,Rhodes,vanessa.rhodes81@edu.com,Male,19,72,6,95,94,95,1,98.32
374,Derek,Gonzalez,derek.gonzalez4@edu.com,Female,18,89,8,64,94,51,3,82.15
375,Robin,Martin,robin.martin36@edu.com,Male,18,91,13,94,57,58,7,88.96
376,Kimberly,Flores,kimberly.flores74@edu.com,Male,19,60,17,62,99,81,4,94.04
377,Lauren,Palmer,lauren.palmer22@edu.com,Female,18,95,7,73,78,66,2,82.38
378,David,Gillespie,david.gillespie97@edu.com,Male,18,62,16,51,69,52,9,75.12
379,Michael,Jimenez,michael.jimenez68@edu.com,Female,22,60,3,95,100,44,3,88.77
380,Amber,Simmons,amber.simmons32@edu.com,Male,18,91,23,40,100,56,0,93.25
381,Mary,Reed,mary.reed71@edu.com,Male,22,67,4,84,56,84,7,75.35
382,Amy,Dillon,amy.dillon22@edu.com,Male,21,93,18,75,67,68,7,97.42
383,Jason,Luna,jason.luna53@edu.com,Female,20,69,3,98,54,79,4,82.44
384,Blake,Ford,blake.ford93@edu.com,Male,22,69,21,65,43,92,5,88.77
385,Nathan,Burton,nathan.burton31@edu.com,Male,19,63,13,48,65,73,3,73.39
386,John,Perkins,john.perkins73@edu.com,Male,21,93,14,45,71,72,2,80.21
387,William,Martinez,william.martinez55@edu.com,Male,19,99,4,63,96,58,2,83.93
388,Alexis,Randolph,alexis.randolph47@edu.com,Female,22,72,7,88,55,63,6,79.73
389,Ralph,Smith,ralph.smith21@edu.com,Male,18,65,20,54,44,34,6,69.2
390,Barry,Wagner,barry.wagner43@edu.com,Female,22,70,1,93,90,89,4,89.58
391,Russell,Hester,russell.hester18@edu.com,Male,20,99,11,95,43,78,8,90.5
392,James,Davis,james.davis76@edu.com,Female,18,69,4,99,93,51,2,91.77
393,David,Miller,david.miller36@edu.com,Female,22,96,14,75,100,56,0,93.82
394,Heather,Byrd,heather.byrd86@edu.com,Female,20,83,8,97,76,61,8,93.34
395,Jeremiah,Clark,jeremiah.clark4@edu.com,Male,20,70,8,58,43,88,2,70.68
396,Joel,Collins,joel.collins44@edu.com,Female,19,66,10,46,47,88,3,67.69
397,Lindsay,Wilson,lindsay.wilson13@edu.com,Female,20,90,5,91,70,66,8,81.29
398,Amanda,Allen,amanda.allen59@edu.com,Female,22,86,24,76,65,85,5,99.65
399,John,Stanley,john.stanley46@edu.com,Male,19,73,6,45,42,83,8,68.23
400,Alexander,Davis,alexander.davis65@edu.com,Female,18,100,21,37,83,33,8,76.29
401,Justin,Pacheco,justin.pacheco48@edu.com,Male,18,68,9,45,81,57,4,72.85
402,William,Mcdaniel,william.mcdaniel11@edu.com,Male,20,100,0,93,84,75,2,88.66
403,Allen,Hodges,allen.hodges13@edu.com,Female,21,81,24,45,62,88,0,86.79
404,Jessica,Butler,jessica.butler97@edu.com,Male,19,75,18,75,97,41,8,93.94
405,Robert,Castillo,robert.castillo77@edu.com,Female,19,90,6,34,75,74,6,68.69
406,Alan,Phelps,alan.phelps18@edu.com,Female,22,95,22,91,88,52,3,100.0
407,John,Lewis,john.lewis47@edu.com,Female,22,74,4,50,42,64,8,64.5
408,Tonya,Juarez,tonya.juarez91@edu.com,Male,21,76,3,78,89,46,6,73.6
409,Jose,Warren,jose.warren8@edu.com,Male,18,78,20,83,85,66,4,100.0
410,Melanie,Vincent,melanie.vincent51@edu.com,Male,19,83,3,37,80,89,3,69.23
411,Danielle,Green,danielle.green98@edu.com,Male,19,100,22,42,92,42,1,88.67
412,Catherine,Diaz,catherine.diaz24@edu.com,Female,18,89,7,67,53,32,1,64.11
413,Nicholas,Murphy,nicholas.murphy87@edu.com,Male,18,93,4,37,98,69,9,68.54
414,Brian,Jones,brian.jones49@edu.com,Female,21,80,4,100,68,56,6,92.6
415,Austin,Brown,austin.brown58@edu.com,Male,20,84,15,58,43,31,8,65.24
416,Grace,Lopez,grace.lopez14@edu.com,Female,18,69,24,43,45,57,1,75.19
417,Breanna,Smith,breanna.smith68@edu.com,Male,21,64,2,95,76,94,4,86.93
418,Lauren,Munoz,lauren.munoz23@edu.com,Female,22,75,3,99,59,83,8,87.78
419,Whitney,Schmidt,whitney.schmidt88@edu.com,Female,22,91,22,30,57,55,6,71.46
420,Mitchell,Vance,mitchell.vance18@edu.com,Female,18,61,9,93,90,90,5,96.24
421,Brandon,Castillo,brandon.castillo23@edu.com,Female,19,81,7,74,98,89,0,92.41
422,Kevin,Cummings,kevin.cummings18@edu.com,Male,20,78,24,65,52,89,10,89.98
423,Amy,Haney,amy.haney3@edu.com,Male,19,88,7,86,71,63,1,82.22
424,Melissa,Martinez,melissa.martinez39@edu.com,Male,20,93,21,34,86,79,6,91.66
425,John,Knight,john.knight53@edu.com,Male,22,76,14,64,53,54,3,76.9
426,Douglas,Ferguson,douglas.ferguson79@edu.com,Female,20,90,12,93,85,72,10,100.0
427,Krista,Douglas,krista.douglas61@edu.com,Female,22,98,15,56,92,56,8,90.5
428,Carla,Bates,carla.bates75@edu.com,Female,19,83,5,77,81,34,0,78.0
429,Debra,Horn,debra.horn71@edu.com,Male,22,73,11,90,69,80,6,93.26
430,Robert,Valentine,robert.valentine80@edu.com,Female,19,81,18,100,50,34,7,88.44
431,Connie,Smith,connie.smith50@edu.com,Male,22,87,16,78,81,45,8,95.31
432,Jesse,Cole,jesse.cole79@edu.com,Male,19,77,8,80,80,37,3,84.41
433,Paul,Zhang,paul.zhang89@edu.com,Female,20,82,13,94,76,35,0,89.61
434,Christopher,Hunter,christopher.hunter42@edu.com,Female,19,81,3,75,46,75,7,73.51
435,Paul,Brown,paul.brown39@edu.com,Female,21,91,6,71,74,64,10,75.61
436,Eric,Morse,eric.morse50@edu.com,Male,21,97,7,65,95,49,9,81.11
437,Carrie,Brock,carrie.brock90@edu.com,Female,20,76,24,76,55,73,7,93.88
438,Laurie,Matthews,laurie.matthews62@edu.com,Female,21,69,4,44,51,33,4,55.86
439,Margaret,Myers,margaret.myers60@edu.com,Female,20,73,4,59,88,45,0,71.34
440,Catherine,Perry,catherine.perry12@edu.com,Male,20,96,4,46,41,92,0,64.06
441,Jennifer,White,jennifer.white84@edu.com,Female,21,73,16,72,74,34,6,85.4
442,Christine,Casey,christine.casey52@edu.com,Male,18,79,16,70,98,83,3,99.79
443,Amy,Richardson,amy.richardson6@edu.com,Male,22,97,13,42,90,30,6,70.62
444,Michelle,Myers,michelle.myers5@edu.com,Male,19,73,2,65,49,93,5,68.83
445,Joseph,Davis,joseph.davis34@edu.com,Male,21,67,4,56,57,33,3,53.3
446,Karen,Smith,karen.smith83@edu.com,Male,18,68,12,34,73,91,9,75.55
447,John,Abbott,john.abbott18@edu.com,Female,21,89,16,54,86,81,6,93.48
448,Edward,Perez,edward.perez66@edu.com,Female,19,63,10,58,50,90,3,75.41
449,Ricardo,Newman,ricardo.newman97@edu.com,Male,20,89,18,42,92,69,10,90.04
450,Marie,Mitchell,marie.mitchell98@edu.com,Male,21,83,23,92,91,41,4,100.0
451,Veronica,Carter,veronica.carter79@edu.com,Male,19,99,16,77,94,40,10,97.37
452,Anne,Morgan,anne.morgan69@edu.com,Female,21,85,6,73,70,66,0,77.0
453,Thomas,Marquez,thomas.marquez31@edu.com,Female,20,100,10,90,61,74,4,89.52
454,Jason,Webb,jason.webb6@edu.com,Male,20,87,6,31,82,68,7,64.63
455,Rachel,Scott,rachel.scott72@edu.com,Female,18,95,19,100,47,90,8,100.0
456,Katherine,Knight,katherine.knight99@edu.com,Male,18,74,6,43,59,53,6,57.3
457,William,Perez,william.perez1@edu.com,Female,19,79,15,84,84,50,1,89.13
458,Samantha,Cooper,samantha.cooper60@edu.com,Male,19,89,15,95,69,55,2,97.54
459,Michael,Conley,michael.conley67@edu.com,Male,22,87,23,36,56,88,6,80.86
460,Roger,Gordon,roger.gordon27@edu.com,Male,20,99,11,30,94,72,5,74.84
461,Jacob,Green,jacob.green12@edu.com,Male,22,77,11,59,88,36,10,76.59
462,Thomas,Brown,thomas.brown11@edu.com,Male,21,66,16,55,61,54,7,72.04
463,Rebecca,George,rebecca.george45@edu.com,Male,18,89,11,65,78,52,10,85.96
464,Abigail,Sanders,abigail.sanders5@edu.com,Male,19,70,3,98,59,68,10,81.61
465,Samantha,Dougherty,samantha.dougherty33@edu.com,Male,20,100,22,59,52,44,9,84.08
466,Sean,Flores,sean.flores53@edu.com,Male,22,72,18,45,82,54,6,79.69
467,Kim,Stuart,kim.stuart82@edu.com,Male,22,78,13,85,46,44,7,83.87
468,Alicia,Black,alicia.black78@edu.com,Female,21,83,19,39,85,63,3,79.07
469,Shannon,Harris,shannon.harris65@edu.com,Male,20,60,10,69,49,66,7,75.39
470,Frank,Harvey,frank.harvey83@edu.com,Male,18,69,22,40,56,54,9,76.39
471,Stacy,Crawford,stacy.crawford21@edu.com,Female,20,71,8,55,46,31,2,49.32
472,Jonathan,Mccarty,jonathan.mccarty5@edu.com,Female,22,89,1,38,99,57,7,69.16
473,Richard,Long,richard.long55@edu.com,Male,22,82,12,42,53,58,10,67.59
474,James,Norris,james.norris26@edu.com,Female,20,65,23,47,45,62,1,69.69
475,Daniel,Hogan,daniel.hogan59@edu.com,Female,22,70,11,48,66,32,5,63.4
476,Rhonda,Black,rhonda.black99@edu.com,Female,18,75,20,32,100,91,9,96.04
477,Courtney,Garcia,courtney.garcia39@edu.com,Female,18,85,22,70,74,92,5,100.0
478,Stephanie,Kelly,stephanie.kelly56@edu.com,Male,20,89,20,99,55,51,6,95.57
479,Linda,Fernandez,linda.fernandez3@edu.com,Male,22,90,6,34,76,34,1,60.78
480,Mitchell,Raymond,mitchell.raymond67@edu.com,Female,20,79,9,42,80,69,8,72.71
481,Wayne,Bowers,wayne.bowers20@edu.com,Male,20,93,22,30,49,48,3,63.06
482,Ryan,Wagner,ryan.wagner5@edu.com,Female,18,63,2,41,84,60,4,65.06
483,Shane,Kirk,shane.kirk88@edu.com,Male,19,95,15,72,62,89,10,91.91
484,George,Cooper,george.cooper90@edu.com,Male,20,74,11,46,86,34,2,72.23
485,Kelsey,Nguyen,kelsey.nguyen10@edu.com,Male,18,89,1,54,97,53,7,70.42
486,Jessica,Eaton,jessica.eaton13@edu.com,Female,22,84,6,92,79,38,7,77.7
487,Danny,Walker,danny.walker97@edu.com,Female,19,97,7,95,94,91,4,99.79
488,Audrey,Roberts,audrey.roberts27@edu.com,Female,20,83,0,69,43,52,7,66.55
489,Adam,Vaughn,adam.vaughn25@edu.com,Female,20,68,12,94,41,45,1,83.35
490,Alexandra,Powers,alexandra.powers66@edu.com,Male,18,89,11,67,51,84,6,74.28
491,Wendy,Travis,wendy.travis52@edu.com,Male,20,94,18,34,49,72,8,75.92
492,Colleen,Snyder,colleen.snyder68@edu.com,Male,18,78,7,97,55,61,8,83.71
493,Jeffrey,Perry,jeffrey.perry89@edu.com,Female,22,92,14,36,45,63,9,64.93
494,Clayton,Macdonald,clayton.macdonald35@edu.com,Male,22,96,23,86,61,84,7,100.0
495,Natalie,Armstrong,natalie.armstrong34@edu.com,Male,19,82,6,39,70,86,3,67.05
496,Joseph,Goodman,joseph.goodman71@edu.com,Male,18,67,24,77,59,41,5,89.85
497,Lisa,Fisher,lisa.fisher32@edu.com,Male,20,75,3,81,67,93,0,87.22
498,Shirley,Mitchell,shirley.mitchell97@edu.com,Female,22,65,16,41,85,70,1,83.14
499,Carlos,Rogers,carlos.rogers56@edu.com,Female,22,77,13,99,80,62,7,97.22
500,Daniel,Fletcher,daniel.fletcher81@edu.com,Female,21,98,12,60,77,32,8,81.82
501,Sandra,Hubbard,sandra.hubbard5@edu.com,Female,21,96,24,33,55,31,3,74.29
502,Amanda,Bush,amanda.bush61@edu.com,Male,18,88,0,63,56,69,1,62.74
503,Lisa,Davis,lisa.davis64@edu.com,Female,22,84,8,52,63,35,10,63.98
504,Ryan,Mckinney,ryan.mckinney83@edu.com,Male,18,95,17,86,78,80,2,97.09
505,April,Nelson,april.nelson25@edu.com,Female,19,79,10,58,68,79,3,83.89
506,Lisa,Santiago,lisa.santiago23@edu.com,Female,20,85,1,66,65,95,1,74.12
507,Brandy,Huerta,brandy.huerta30@edu.com,Female,19,76,8,62,99,58,3,82.35
508,Kayla,Mccoy,kayla.mccoy56@edu.com,Female,22,77,22,67,80,52,5,95.55
509,Michael,Tucker,michael.tucker49@edu.com,Female,22,80,3,96,75,71,0,88.92
510,Catherine,Turner,catherine.turner54@edu.com,Female,19,67,23,55,52,31,8,75.73
511,Robert,Wallace,robert.wallace92@edu.com,Female,19,88,14,79,86,38,2,95.14
512,Hannah,Wilson,hannah.wilson88@edu.com,Female,22,67,5,100,68,42,4,86.52
513,Abigail,Cantrell,abigail.cantrell43@edu.com,Male,18,98,9,77,47,74,2,79.57
514,Robert,Moore,robert.moore90@edu.com,Female,18,80,16,61,83,82,3,89.39
515,Kevin,Mcdowell,kevin.mcdowell55@edu.com,Male,19,94,17,55,40,85,1,80.02
516,Robert,Kennedy,robert.kennedy63@edu.com,Male,21,100,9,45,80,63,5,74.71
517,Kathryn,Johnson,kathryn.johnson89@edu.com,Female,19,65,17,41,51,65,2,71.94
518,Lori,Johnson,lori.johnson81@edu.com,Female,18,85,2,31,70,31,9,53.17
519,Cesar,Lloyd,cesar.lloyd57@edu.com,Female,18,62,12,43,54,91,2,70.77
520,Jon,Lewis,jon.lewis12@edu.com,Male,19,61,15,99,55,60,2,91.62
521,Luke,Arnold,luke.arnold32@edu.com,Female,20,69,8,52,51,81,4,70.36
522,Kimberly,Perez,kimberly.perez66@edu.com,Male,19,91,8,78,73,87,2,86.97
523,Ralph,Kim,ralph.kim12@edu.com,Male,19,98,15,99,54,61,4,95.01
524,Emily,Gardner,emily.gardner60@edu.com,Male,19,96,0,92,93,81,9,91.98
525,Morgan,Johnson,morgan.johnson97@edu.com,Male,21,68,21,47,99,37,4,84.27
526,Valerie,Holmes,valerie.holmes54@edu.com,Female,22,81,6,97,61,75,3,81.8
527,Dakota,Robles,dakota.robles43@edu.com,Male,22,93,10,39,76,45,4,66.08
528,Melanie,Flynn,melanie.flynn48@edu.com,Male,18,81,21,84,46,31,10,85.9
529,Emily,Rodriguez,emily.rodriguez1@edu.com,Female,22,94,11,60,82,80,6,87.74
530,Michael,Hill,michael.hill97@edu.com,Male,19,88,0,57,91,53,2,71.01
531,Courtney,Hudson,courtney.hudson17@edu.com,Female,21,98,8,86,51,91,10,89.95
532,Ashley,Payne,ashley.payne50@edu.com,Female,18,85,8,70,55,72,1,77.56
533,Elizabeth,Foster,elizabeth.foster55@edu.com,Male,18,90,15,33,54,51,10,62.94
534,Gregory,Knight,gregory.knight69@edu.com,Female,22,62,23,93,88,73,0,100.0
535,Julia,Adams,julia.adams74@edu.com,Male,22,74,11,70,73,45,5,81.1
536,Jennifer,Hobbs,jennifer.hobbs80@edu.com,Female,18,73,19,53,66,89,3,81.6
537,Andrea,Escobar,andrea.escobar34@edu.com,Male,22,61,9,70,55,69,9,76.3
538,Emily,Barker,emily.barker23@edu.com,Female,19,72,3,64,62,57,4,71.59
539,Joseph,Ramsey,joseph.ramsey94@edu.com,Male,22,68,5,35,97,43,0,61.97
540,Matthew,Hernandez,matthew.hernandez61@edu.com,Female,22,64,1,51,79,91,2,68.53
541,Heather,Harris,heather.harris37@edu.com,Female,22,91,23,31,88,90,2,90.24
542,Janice,Norton,janice.norton48@edu.com,Female,20,73,0,60,78,74,6,71.76
543,Jeremy,Fletcher,jeremy.fletcher26@edu.com,Female,22,97,10,97,84,40,0,93.45
544,Sandra,Sullivan,sandra.sullivan41@edu.com,Male,18,64,14,45,78,65,3,76.57
545,Stacey,Delgado,stacey.delgado20@edu.com,Female,18,73,0,83,59,47,1,68.83
546,Aaron,Taylor,aaron.taylor97@edu.com,Male,21,96,18,33,81,69,1,76.72
547,Hannah,James,hannah.james75@edu.com,Female,20,93,20,90,53,55,10,93.93
548,Katherine,Mayer,katherine.mayer57@edu.com,Male,19,92,19,91,76,30,2,98.36
549,Heather,Oconnor,heather.oconnor91@edu.com,Female,21,63,19,33,80,91,4,81.86
550,Kimberly,Sanders,kimberly.sanders53@edu.com,Female,21,80,12,37,91,81,3,77.61
551,Matthew,Cruz,matthew.cruz82@edu.com,Male,18,90,3,90,100,57,0,91.76
552,Jonathan,Anderson,jonathan.anderson40@edu.com,Female,21,94,7,71,83,31,8,85.36
553,Melissa,Sanders,melissa.sanders13@edu.com,Male,20,85,2,51,49,34,4,53.13
554,Devin,Davis,devin.davis12@edu.com,Male,21,88,1,30,91,91,5,70.94
555,Marissa,Patterson,marissa.patterson63@edu.com,Male,22,66,3,70,61,35,6,64.24
556,Michaela,Fowler,michaela.fowler52@edu.com,Male,21,65,8,88,70,38,8,76.37
557,Anne,Myers,anne.myers96@edu.com,Male,21,90,5,43,62,62,2,61.16
558,Thomas,Lewis,thomas.lewis46@edu.com,Male,21,83,23,30,48,65,5,72.1
559,Cynthia,Booth,cynthia.booth85@edu.com,Female,21,97,7,96,46,76,7,80.84
560,Richard,Brown,richard.brown96@edu.com,Female,22,68,1,33,93,61,2,61.52
561,Ethan,Nelson,ethan.nelson40@edu.com,Female,22,92,14,32,51,65,4,65.54
562,Rachel,Hunter,rachel.hunter30@edu.com,Female,22,96,6,85,51,91,10,83.42
563,Nancy,Duran,nancy.duran19@edu.com,Female,18,69,1,54,73,44,1,55.36
564,Dillon,Wilson,dillon.wilson47@edu.com,Male,20,92,18,62,76,54,3,83.52
565,Elizabeth,Manning,elizabeth.manning71@edu.com,Male,21,61,13,38,43,83,5,64.1
566,Christopher,Curry,christopher.curry55@edu.com,Female,19,98,20,63,77,49,9,88.22
567,Christopher,Glenn,christopher.glenn96@edu.com,Female,19,66,12,51,51,32,1,64.72
568,Antonio,Ward,antonio.ward39@edu.com,Male,18,60,14,83,65,31,7,83.26
569,Miguel,Wright,miguel.wright13@edu.com,Female,18,79,10,55,62,40,0,67.03
570,Darren,Rogers,darren.rogers32@edu.com,Female,19,73,6,60,67,78,4,73.37
571,Grace,Callahan,grace.callahan51@edu.com,Female,19,89,15,99,55,73,3,98.49
572,Maria,Hendricks,maria.hendricks67@edu.com,Female,21,72,1,88,49,47,2,70.23
573,Carla,Johnson,carla.johnson41@edu.com,Male,21,71,22,39,42,75,6,65.95
574,Nicholas,Mccann,nicholas.mccann23@edu.com,Female,20,85,3,74,56,80,5,79.32
575,Tina,Newman,tina.newman66@edu.com,Female,18,93,4,95,68,60,0,82.36
576,Paul,Zimmerman,paul.zimmerman83@edu.com,Female,19,93,9,31,58,37,1,57.5
577,Kathleen,Moody,kathleen.moody56@edu.com,Male,19,89,1,99,63,72,7,83.86
578,Jessica,York,jessica.york13@edu.com,Male,20,77,24,98,42,39,8,94.71
579,James,Davis,james.davis4@edu.com,Female,18,100,7,61,44,56,9,62.73
580,Tom,French,tom.french24@edu.com,Female,19,66,18,33,73,61,0,71.06
581,Valerie,Henderson,valerie.henderson90@edu.com,Male,22,72,2,46,87,62,4,61.65
582,Matthew,Brady,matthew.brady46@edu.com,Female,18,81,6,100,53,74,1,86.94
583,Robert,Walters,robert.walters21@edu.com,Male,22,68,24,73,68,57,4,89.61
584,Charles,Moore,charles.moore97@edu.com,Female,19,69,0,77,76,78,9,74.81
585,Patricia,Baird,patricia.baird70@edu.com,Male,19,63,17,60,46,73,2,76.85
586,Andrew,Wilson,andrew.wilson26@edu.com,Female,20,99,8,42,92,40,0,71.98
587,Eugene,Duffy,eugene.duffy60@edu.com,Male,19,87,12,41,99,30,4,77.27
588,Heather,Murphy,heather.murphy15@edu.com,Female,19,77,6,52,65,66,5,65.94
589,Kaitlin,Brown,kaitlin.brown13@edu.com,Male,22,77,2,64,86,89,5,80.29
590,Thomas,Ware,thomas.ware17@edu.com,Male,22,62,10,48,51,80,6,70.13
591,Susan,Evans,susan.evans36@edu.com,Female,20,72,1,93,50,63,9,74.22
592,Katie,Mcdonald,katie.mcdonald43@edu.com,Female,20,84,1,90,53,71,3,74.15
593,Alvin,Young,alvin.young60@edu.com,Male,20,87,1,75,57,54,5,66.62
594,Katrina,Anderson,katrina.anderson52@edu.com,Female,22,88,5,74,63,38,7,71.0
595,Mary,Rice,mary.rice77@edu.com,Male,21,75,2,43,97,91,2,72.4
596,Rebecca,Johnson,rebecca.johnson63@edu.com,Male,21,85,5,31,60,64,8,57.57
597,William,Bonilla,william.bonilla83@edu.com,Male,20,73,18,97,91,56,5,100.0
598,Tammy,Morgan,tammy.morgan15@edu.com,Male,21,73,7,46,59,55,6,60.32
599,Mary,Atkinson,mary.atkinson79@edu.com,Male,20,89,16,92,56,31,10,89.27
600,Brian,Oneal,brian.oneal48@edu.com,Female,22,85,11,64,53,31,9,73.65
601,Ronald,Woods,ronald.woods83@edu.com,Male,18,73,4,100,63,37,9,83.33
602,Amanda,Johnson,amanda.johnson83@edu.com,Female,22,95,14,93,62,56,1,95.88
603,Sarah,Gonzalez,sarah.gonzalez44@edu.com,Female,21,94,7,69,85,94,7,91.02
604,Karen,Carroll,karen.carroll49@edu.com,Female,22,64,3,75,90,82,6,85.9
605,Cheryl,Lane,cheryl.lane59@edu.com,Female,21,99,14,46,71,78,10,82.1
606,Matthew,Daugherty,matthew.daugherty17@edu.com,Female,22,85,15,99,80,90,0,100.0
607,Stacey,Ford,stacey.ford10@edu.com,Female,20,95,4,83,71,71,9,83.28
608,Stephanie,Mclean,stephanie.mclean35@edu.com,Female,20,86,8,35,94,50,8,72.86
609,Ashley,Rivera,ashley.rivera25@edu.com,Male,21,79,4,37,70,50,6,59.91
610,Erik,George,erik.george96@edu.com,Male,20,70,22,85,79,54,9,100.0
611,Scott,Frederick,scott.frederick91@edu.com,Male,21,61,6,71,43,57,2,67.64
612,Robert,Evans,robert.evans40@edu.com,Female,21,93,11,64,75,66,7,82.93
613,Amy,Nguyen,amy.nguyen48@edu.com,Female,22,68,12,34,76,81,4,72.72
614,Christina,Gordon,christina.gordon10@edu.com,Female,18,81,24,52,77,35,4,86.76
615,Anthony,Ramirez,anthony.ramirez30@edu.com,Male,20,73,5,51,57,86,3,66.87
616,Eric,Pearson,eric.pearson81@edu.com,Male,20,90,9,53,71,82,10,82.73
617,Melissa,Young,melissa.young62@edu.com,Male,20,64,16,47,64,75,8,78.05
618,Phillip,Gutierrez,phillip.gutierrez47@edu.com,Female,21,100,13,97,89,65,0,95.1
619,Ruben,Pham,ruben.pham95@edu.com,Female,21,66,1,53,42,91,3,63.58
620,Aaron,Fisher,aaron.fisher33@edu.com,Male,19,87,4,84,100,89,3,92.23
621,Sandra,Garcia,sandra.garcia71@edu.com,Female,18,73,17,90,54,88,1,95.62
622,William,Jefferson,william.jefferson77@edu.com,Male,18,75,6,90,45,34,8,73.63
623,Alexandria,Martinez,alexandria.martinez44@edu.com,Male,18,63,1,41,84,82,5,64.59
624,David,Allen,david.allen31@edu.com,Female,18,75,13,70,70,80,1,83.9
625,Oscar,Mack,oscar.mack63@edu.com,Male,18,94,19,53,71,31,7,77.97
626,Luke,Anderson,luke.anderson85@edu.com,Male,20,87,9,41,70,37,8,61.54
627,Benjamin,Hawkins,benjamin.hawkins81@edu.com,Female,21,77,2,34,41,53,10,48.31
628,Matthew,Wolfe,matthew.wolfe59@edu.com,Male,22,86,16,36,53,86,7,74.47
629,Scott,Clark,scott.clark37@edu.com,Female,22,86,15,74,68,47,8,81.97
630,Laura,Jimenez,laura.jimenez43@edu.com,Female,18,88,9,89,97,42,2,95.96
631,Ashley,Phillips,ashley.phillips44@edu.com,Female,19,97,14,78,58,92,5,97.2
632,Craig,Watts,craig.watts92@edu.com,Male,20,69,2,94,90,41,2,80.53
633,Jacqueline,Wheeler,jacqueline.wheeler73@edu.com,Female,21,86,24,88,61,41,1,94.12
634,Amanda,Cummings,amanda.cummings4@edu.com,Male,21,75,22,58,54,82,6,86.51
635,Dustin,Rodriguez,dustin.rodriguez39@edu.com,Male,20,62,17,95,56,52,3,90.11
636,Jennifer,Ross,jennifer.ross12@edu.com,Male,19,89,14,83,53,37,2,82.94
637,Shawn,Meyer,shawn.meyer93@edu.com,Female,19,83,15,42,64,52,8,70.58
638,Jeffrey,Arnold,jeffrey.arnold26@edu.com,Female,21,80,11,83,93,83,4,91.9
639,David,Adams,david.adams3@edu.com,Male,22,76,12,73,65,40,3,69.09
640,Peter,Anderson,peter.anderson87@edu.com,Female,18,82,0,31,88,45,7,59.62
641,Christine,Davila,christine.davila14@edu.com,Female,21,90,3,65,77,66,10,77.65
642,William,Ross,william.ross26@edu.com,Male,19,99,5,40,40,67,8,60.95
643,Austin,Hartman,austin.hartman13@edu.com,Female,20,100,2,55,57,77,4,67.94
644,Lori,Cole,lori.cole93@edu.com,Male,20,64,2,38,64,94,1,55.8
645,Cynthia,Sloan,cynthia.sloan79@edu.com,Male,18,98,18,63,76,48,8,89.1
646,Joshua,Lucas,joshua.lucas23@edu.com,Female,19,74,17,89,88,95,9,100.0
647,Michelle,Christensen,michelle.christensen86@edu.com,Female,20,65,15,53,58,79,0,79.47
648,Michael,Bryant,michael.bryant56@edu.com,Female,22,80,17,79,59,74,5,90.9
649,Carolyn,Green,carolyn.green71@edu.com,Female,18,67,10,51,98,31,6,71.62
650,Brian,Chavez,brian.chavez44@edu.com,Female,21,61,20,89,92,77,6,100.0
651,Matthew,Abbott,matthew.abbott21@edu.com,Female,19,77,1,82,75,91,7,85.57
652,Adam,Schultz,adam.schultz85@edu.com,Male,21,91,10,50,97,39,6,74.58
653,Holly,Brown,holly.brown55@edu.com,Male,21,84,23,88,80,33,6,97.83
654,Anthony,Mullins,anthony.mullins38@edu.com,Female,22,95,1,31,46,60,6,48.85
655,Jamie,Moore,jamie.moore4@edu.com,Male,21,91,21,63,71,35,4,82.35
656,Jason,Collins,jason.collins63@edu.com,Male,20,87,4,64,74,33,6,66.88
657,Melissa,Phillips,melissa.phillips77@edu.com,Female,22,90,18,35,79,47,5,77.98
658,James,Shaw,james.shaw81@edu.com,Female,21,97,1,35,90,43,10,62.66
659,Danny,Castro,danny.castro67@edu.com,Male,20,96,21,46,66,60,9,84.78
660,Mary,Obrien,mary.obrien11@edu.com,Female,22,79,3,95,98,58,3,91.8
661,Alejandra,Johnson,alejandra.johnson53@edu.com,Male,20,80,9,87,71,37,0,81.29
662,Nicole,Nichols,nicole.nichols29@edu.com,Male,21,89,0,57,80,74,3,70.5
663,Wayne,Hall,wayne.hall74@edu.com,Male,19,80,8,35,93,69,1,73.0
664,Cindy,Lewis,cindy.lewis88@edu.com,Female,21,77,24,95,52,76,1,98.05
665,Aaron,Baker,aaron.baker3@edu.com,Male,18,87,8,47,56,64,5,71.36
666,Kimberly,Lozano,kimberly.lozano85@edu.com,Female,22,61,23,75,45,48,10,88.67
667,Steven,Robinson,steven.robinson84@edu.com,Male,22,72,17,45,96,78,0,86.33
668,Luke,Salazar,luke.salazar8@edu.com,Male,18,99,1,50,40,60,10,57.0
669,Keith,Miller,keith.miller29@edu.com,Male,18,96,11,79,49,75,2,78.95
670,Brandon,Patton,brandon.patton4@edu.com,Male,21,66,6,91,77,86,5,90.26
671,Lee,Martin,lee.martin98@edu.com,Female,22,90,4,97,45,94,9,88.53
672,Pamela,Anderson,pamela.anderson72@edu.com,Male,20,68,2,66,66,41,6,64.85
673,Matthew,Rose,matthew.rose15@edu.com,Male,22,74,15,69,96,92,4,92.56
674,Christopher,Anderson,christopher.anderson51@edu.com,Female,22,87,24,45,67,90,5,92.78
675,Cathy,Barber,cathy.barber32@edu.com,Male,18,87,21,37,76,78,0,82.17
676,Anne,Yang,anne.yang77@edu.com,Male,19,74,4,70,64,91,5,78.35
677,Tammy,Dennis,tammy.dennis6@edu.com,Female,22,90,1,58,47,69,3,61.2
678,Timothy,Sanchez,timothy.sanchez25@edu.com,Male,18,100,6,66,82,85,5,85.08
679,Joann,Bell,joann.bell29@edu.com,Female,18,95,5,55,95,91,1,83.78
680,Michael,Williams,michael.williams18@edu.com,Female,20,82,24,81,51,83,0,96.23
681,Heather,Butler,heather.butler98@edu.com,Female,21,65,6,46,67,33,7,64.43
682,Amy,Richardson,amy.richardson81@edu.com,Male,22,97,9,44,79,69,7,75.73
683,Jesus,Turner,jesus.turner44@edu.com,Female,18,78,3,67,65,56,7,73.43
684,Sherri,Garza,sherri.garza8@edu.com,Male,20,62,19,43,48,53,5,68.63
685,Carlos,Thomas,carlos.thomas17@edu.com,Male,22,73,12,92,78,41,7,88.62
686,Juan,Osborne,juan.osborne55@edu.com,Male,18,68,16,62,85,32,1,77.35
687,Kyle,Bridges,kyle.bridges98@edu.com,Male,20,60,7,35,51,43,10,56.58
688,James,Melendez,james.melendez54@edu.com,Male,19,99,10,100,55,86,2,93.31
689,John,Russell,john.russell48@edu.com,Female,22,96,8,75,84,36,5,85.63
690,Zachary,Casey,zachary.casey23@edu.com,Male,19,74,20,49,81,81,3,98.0
691,Antonio,Morgan,antonio.morgan92@edu.com,Male,19,88,10,52,60,46,6,69.54
692,Priscilla,Powers,priscilla.powers90@edu.com,Female,20,75,6,42,83,81,2,73.78
693,Keith,Terry,keith.terry64@edu.com,Male,18,77,11,99,85,87,1,98.83
694,Gina,Martinez,gina.martinez34@edu.com,Male,18,93,20,48,41,66,6,75.98
695,James,Johnson,james.johnson49@edu.com,Female,22,89,14,83,79,49,10,94.64
696,Steven,Kirk,steven.kirk82@edu.com,Female,21,86,9,78,81,38,0,78.39
697,Wesley,Brown,wesley.brown63@edu.com,Female,20,80,8,42,72,50,6,61.03
698,Bradley,Matthews,bradley.matthews74@edu.com,Female,18,80,6,83,81,93,5,96.76
699,Andrew,Scott,andrew.scott60@edu.com,Female,20,77,15,40,44,76,4,71.44
700,Amy,Rogers,amy.rogers53@edu.com,Female,20,97,18,57,78,47,1,84.61
701,Joshua,Bishop,joshua.bishop22@edu.com,Male,21,80,20,85,41,51,3,87.82
702,Matthew,Daniels,matthew.daniels65@edu.com,Male,18,79,1,33,51,53,2,50.14
703,Alicia,Martinez,alicia.martinez17@edu.com,Female,20,92,1,56,51,51,2,57.46
704,Jennifer,Figueroa,jennifer.figueroa2@edu.com,Female,21,87,13,64,88,77,6,89.93
705,David,Durham,david.durham47@edu.com,Male,20,69,12,90,78,51,8,83.91
706,Richard,Walker,richard.walker91@edu.com,Male,18,90,23,71,89,83,10,100.0
707,Monique,Estrada,monique.estrada31@edu.com,Female,19,93,21,39,43,94,8,77.65
708,Mark,Floyd,mark.floyd2@edu.com,Male,22,94,22,95,80,89,9,100.0
709,Kathleen,Lowe,kathleen.lowe80@edu.com,Male,20,87,11,53,73,64,0,78.47
710,Kristin,Flowers,kristin.flowers29@edu.com,Female,18,72,9,93,97,85,3,100.0
711,Holly,Mccarty,holly.mccarty43@edu.com,Female,20,97,20,62,59,50,6,81.68
712,Amanda,Rodriguez,amanda.rodriguez49@edu.com,Female,19,84,2,41,81,44,5,58.69
713,Jill,Little,jill.little5@edu.com,Female,20,77,22,99,82,47,10,100.0
714,Kathy,Perez,kathy.perez57@edu.com,Female,21,63,5,69,85,52,10,76.6
715,Douglas,Brown,douglas.brown38@edu.com,Male,21,69,9,72,98,33,10,82.66
716,Courtney,Lopez,courtney.lopez33@edu.com,Female,22,94,3,53,66,43,4,62.18
717,Edward,Garcia,edward.garcia27@edu.com,Male,22,91,16,31,85,38,1,66.15
718,Emma,Martinez,emma.martinez37@edu.com,Female,19,75,4,59,60,91,6,74.01
719,Paul,Green,paul.green39@edu.com,Male,19,73,0,48,94,39,8,61.5
720,Edward,Dickerson,edward.dickerson73@edu.com,Female,22,90,11,37,71,73,0,66.92
721,John,Ford,john.ford52@edu.com,Male,21,98,24,49,94,92,6,96.32
722,Vanessa,Carroll,vanessa.carroll90@edu.com,Male,21,84,2,73,57,79,2,75.66
723,Kerry,Griffin,kerry.griffin21@edu.com,Male,19,78,15,76,54,93,9,84.73
724,Gwendolyn,Thompson,gwendolyn.thompson99@edu.com,Female,19,93,8,45,60,76,6,67.5
725,Todd,Walton,todd.walton53@edu.com,Female,20,69,9,94,67,85,6,91.21
726,Spencer,Adams,spencer.adams15@edu.com,Male,21,94,4,93,93,45,0,84.4
727,Joel,Watson,joel.watson44@edu.com,Female,22,66,2,41,55,39,10,53.05
728,Crystal,Norman,crystal.norman27@edu.com,Male,18,70,3,92,40,93,8,81.73
729,Allison,Johnson,allison.johnson11@edu.com,Male,18,60,9,94,53,42,0,79.82
730,Lisa,Gallegos,lisa.gallegos18@edu.com,Male,21,90,6,75,59,88,9,83.8
731,Melinda,Lynch,melinda.lynch92@edu.com,Female,19,94,1,64,68,47,2,64.05
732,Charles,Hardin,charles.hardin9@edu.com,Female,22,72,13,56,92,42,4,83.11
733,Gina,Spencer,gina.spencer1@edu.com,Female,19,69,2,35,40,72,8,53.02
734,Steven,Villarreal,steven.villarreal83@edu.com,Male,20,87,22,96,98,38,5,100.0
735,Kyle,Nguyen,kyle.nguyen51@edu.com,Female,19,63,15,99,91,37,6,95.82
736,Alyssa,Burke,alyssa.burke76@edu.com,Male,20,81,8,79,99,79,0,97.59
737,Matthew,Camacho,matthew.camacho91@edu.com,Male,20,93,9,77,79,73,0,88.46
738,Brian,Hernandez,brian.hernandez61@edu.com,Male,22,68,1,48,51,51,4,55.87
739,Tony,Nguyen,tony.nguyen74@edu.com,Male,20,63,5,86,91,41,5,88.71
740,Abigail,Wilson,abigail.wilson43@edu.com,Male,22,69,5,75,67,57,0,76.04
741,Melissa,Johnson,melissa.johnson43@edu.com,Male,21,68,13,93,44,55,5,80.87
742,Rachel,Wang,rachel.wang41@edu.com,Female,19,97,13,99,62,57,2,92.92
743,Rebecca,Douglas,rebecca.douglas27@edu.com,Male,22,60,13,81,88,33,4,87.44
744,Christopher,White,christopher.white98@edu.com,Female,21,89,5,76,46,44,6,65.9
745,Leslie,Curtis,leslie.curtis42@edu.com,Female,19,97,20,57,98,88,5,97.17
746,Joel,Kaiser,joel.kaiser4@edu.com,Male,19,78,8,50,90,57,5,78.27
747,Brittany,Lamb,brittany.lamb89@edu.com,Male,18,80,13,93,87,76,1,98.06
748,Richard,Dean,richard.dean52@edu.com,Female,20,71,14,44,53,36,0,62.5
749,Tonya,Hall,tonya.hall57@edu.com,Female,18,97,15,100,86,63,2,100.0
750,Judith,Sandoval,judith.sandoval19@edu.com,Male,19,91,15,46,79,50,1,76.44
751,Lisa,Adams,lisa.adams64@edu.com,Male,21,63,20,61,60,44,10,79.18
752,Melissa,Martinez,melissa.martinez81@edu.com,Male,20,88,24,72,80,84,0,100.0
753,Laura,Morris,laura.morris9@edu.com,Female,18,82,4,81,76,43,7,73.54
754,Zoe,Roth,zoe.roth43@edu.com,Female,20,73,15,38,59,40,6,63.54
755,Richard,Moore,richard.moore61@edu.com,Male,22,65,23,75,72,34,8,89.16
756,Nancy,Bennett,nancy.bennett17@edu.com,Female,22,97,7,31,87,72,5,69.68
757,Justin,Jackson,justin.jackson32@edu.com,Male,20,90,9,78,47,94,5,84.44
758,Kendra,Sanchez,kendra.sanchez46@edu.com,Female,22,98,23,95,84,74,3,100.0
759,Michael,Smith,michael.smith45@edu.com,Female,20,81,16,51,48,35,5,67.11
760,Mark,Patel,mark.patel87@edu.com,Female,20,85,5,54,90,67,10,77.64
761,Joseph,Phelps,joseph.phelps94@edu.com,Female,18,88,1,92,63,49,10,84.23
762,Betty,Wolf,betty.wolf92@edu.com,Female,20,82,11,30,69,54,5,61.68
763,Danielle,Dickson,danielle.dickson57@edu.com,Male,19,71,8,96,65,77,3,95.14
764,Eric,Benson,eric.benson45@edu.com,Female,19,67,1,93,99,58,2,88.86
765,Michael,Barton,michael.barton54@edu.com,Female,22,90,12,67,93,84,3,95.43
766,Richard,Yates,richard.yates15@edu.com,Female,19,69,6,75,68,68,3,81.32
767,Michael,Gomez,michael.gomez69@edu.com,Male,20,68,2,50,47,93,1,65.43
768,Penny,Juarez,penny.juarez89@edu.com,Female,21,91,21,57,79,59,7,92.65
769,Margaret,Murphy,margaret.murphy48@edu.com,Male,20,92,21,98,42,86,9,100.0
770,Sean,Sanchez,sean.sanchez23@edu.com,Female,22,79,4,81,68,57,9,78.57
771,Robert,Long,robert.long5@edu.com,Male,22,62,17,39,94,89,3,83.02
772,Carlos,Harrison,carlos.harrison28@edu.com,Female,22,84,2,41,71,74,2,68.0
773,Gary,Murphy,gary.murphy82@edu.com,Male,22,92,4,47,64,38,2,62.5
774,Jeffrey,Cruz,jeffrey.cruz67@edu.com,Male,19,81,13,72,96,86,2,97.85
775,Andrea,Vega,andrea.vega43@edu.com,Female,22,76,24,38,77,43,3,80.4
776,Hector,Duke,hector.duke86@edu.com,Male,22,100,20,98,91,95,4,100.0
777,Shannon,Cooke,shannon.cooke6@edu.com,Male,21,88,18,33,46,92,4,66.72
778,Amy,Harris,amy.harris53@edu.com,Male,22,90,8,60,44,45,3,58.64
779,Morgan,Schmidt,morgan.schmidt59@edu.com,Male,18,96,19,86,77,92,9,100.0
780,Robert,Riley,robert.riley65@edu.com,Male,22,91,7,72,88,86,2,91.38
781,Diana,Smith,diana.smith59@edu.com,Female,20,71,8,92,48,41,9,77.72
782,Jose,Gallegos,jose.gallegos20@edu.com,Male,18,98,12,94,46,56,4,89.74
783,Rebecca,Fowler,rebecca.fowler87@edu.com,Female,18,88,5,95,47,60,4,79.1
784,Robin,Galvan,robin.galvan97@edu.com,Male,20,85,4,34,75,30,0,54.85
785,Melinda,Brown,melinda.brown67@edu.com,Male,19,75,21,46,87,44,4,81.75
786,Bobby,Clark,bobby.clark90@edu.com,Female,19,79,20,42,95,60,9,88.38
787,Danielle,Bennett,danielle.bennett23@edu.com,Male,19,84,11,56,61,73,9,81.17
788,Kenneth,Oneal,kenneth.oneal21@edu.com,Male,22,78,21,59,61,89,9,89.53
789,Amanda,Martin,amanda.martin94@edu.com,Male,22,97,20,86,59,85,2,100.0
790,John,Jones,john.jones58@edu.com,Male,18,95,19,50,86,68,6,95.82
791,Christopher,Young,christopher.young78@edu.com,Female,21,97,7,83,67,53,8,81.52
792,Joshua,Robinson,joshua.robinson21@edu.com,Female,21,94,16,66,80,74,4,94.37
793,Ryan,Serrano,ryan.serrano46@edu.com,Female,21,64,10,85,77,86,2,93.34
794,Elizabeth,Adams,elizabeth.adams29@edu.com,Male,19,68,0,59,59,49,5,62.62
795,Samantha,Garcia,samantha.garcia6@edu.com,Male,18,69,15,65,72,89,2,89.28
796,Judy,Smith,judy.smith37@edu.com,Female,22,90,4,43,50,70,10,68.64
797,Tiffany,Wood,tiffany.wood11@edu.com,Female,21,63,22,46,43,94,5,84.3
798,Michael,Osborne,michael.osborne37@edu.com,Male,22,81,4,59,91,55,0,71.76
799,Morgan,James,morgan.james44@edu.com,Male,19,95,21,47,75,67,6,82.93
800,Tracey,Wagner,tracey.wagner78@edu.com,Female,21,68,2,71,44,39,8,63.01
801,Amber,Jones,amber.jones73@edu.com,Male,19,69,9,64,72,60,7,78.46
802,Amy,Thompson,amy.thompson31@edu.com,Male,21,88,5,44,84,73,4,68.72
803,Jeremy,Melton,jeremy.melton71@edu.com,Female,21,93,17,88,75,40,4,94.85
804,Matthew,Morris,matthew.morris7@edu.com,Male,18,74,17,94,92,76,7,100.0
805,Emma,Day,emma.day82@edu.com,Male,20,84,20,72,82,63,4,97.79
806,John,Robbins,john.robbins70@edu.com,Male,22,94,4,90,73,70,9,90.27
807,Kyle,Hoover,kyle.hoover53@edu.com,Female,19,77,13,52,98,68,3,84.04
808,Brittney,Ramsey,brittney.ramsey91@edu.com,Female,21,66,23,100,47,76,1,100.0
809,Brenda,Martin,brenda.martin24@edu.com,Female,20,74,0,97,100,43,8,86.37
810,Adam,Mason,adam.mason33@edu.com,Female,19,96,17,34,59,30,10,67.22
811,Christopher,Cortez,christopher.cortez4@edu.com,Male,21,86,2,77,70,37,6,69.8
812,Amber,Williams,amber.williams98@edu.com,Female,18,64,21,30,93,55,3,74.42
813,Robert,Mullen,robert.mullen74@edu.com,Female,18,82,6,60,54,35,3,64.16
814,Austin,Valdez,austin.valdez96@edu.com,Female,19,86,6,54,54,75,3,67.1
815,Shawn,Little,shawn.little1@edu.com,Female,22,66,12,100,96,91,7,100.0
816,Victor,Franklin,victor.franklin69@edu.com,Female,20,62,11,82,69,84,5,86.66
817,Craig,Taylor,craig.taylor35@edu.com,Male,21,95,21,70,90,48,4,95.76
818,William,Baker,william.baker79@edu.com,Female,19,69,3,73,88,91,10,86.07
819,Jesse,Banks,jesse.banks18@edu.com,Male,21,87,16,43,100,76,2,85.42
820,Peggy,Houston,peggy.houston19@edu.com,Male,18,96,20,49,97,93,5,100.0
821,Judy,Wilson,judy.wilson37@edu.com,Female,20,62,7,96,46,86,2,83.29
822,Scott,Hines,scott.hines10@edu.com,Male,22,100,20,96,95,32,0,100.0
823,Bonnie,Mendez,bonnie.mendez29@edu.com,Male,22,69,16,49,42,30,7,65.13
824,Adam,Wright,adam.wright79@edu.com,Male,22,85,13,62,88,48,9,85.36
825,Kimberly,Garza,kimberly.garza64@edu.com,Male,22,92,14,82,68,37,6,80.76
826,Michael,Wilson,michael.wilson10@edu.com,Male,18,88,16,99,46,77,6,95.55
827,Christopher,Banks,christopher.banks54@edu.com,Male,18,72,5,73,67,79,9,80.75
828,Michael,King,michael.king36@edu.com,Male,20,61,21,89,92,75,9,100.0
829,Christian,Boyd,christian.boyd46@edu.com,Male,21,76,11,85,73,46,7,86.16
830,Tracy,Finley,tracy.finley43@edu.com,Male,22,77,16,73,40,70,10,78.74
831,Darius,Hull,darius.hull9@edu.com,Female,19,68,13,89,76,89,2,97.9
832,Jamie,Martin,jamie.martin35@edu.com,Female,19,66,6,83,64,43,7,77.64
833,Kathleen,Jones,kathleen.jones81@edu.com,Female,22,73,17,89,73,95,5,100.0
834,Betty,Murphy,betty.murphy11@edu.com,Female,18,62,14,99,68,75,5,96.83
835,Stephanie,Schultz,stephanie.schultz30@edu.com,Male,20,78,1,89,72,53,8,83.31
836,Derek,Henry,derek.henry80@edu.com,Male,19,97,3,53,63,32,1,54.4
837,Alexander,Ortiz,alexander.ortiz25@edu.com,Male,20,63,3,86,84,37,0,76.42
838,Morgan,Wolfe,morgan.wolfe82@edu.com,Male,22,76,4,60,83,54,6,71.42
839,Michael,Gomez,michael.gomez54@edu.com,Male,22,89,4,49,52,54,0,59.71
840,Christine,Barrera,christine.barrera75@edu.com,Female,19,97,7,33,62,93,9,66.42
841,Summer,Molina,summer.molina93@edu.com,Female,20,86,22,47,74,55,9,79.67
842,Anthony,Gonzales,anthony.gonzales23@edu.com,Male,22,66,7,81,64,75,4,79.51
843,Joshua,Nelson,joshua.nelson7@edu.com,Female,21,75,24,62,94,81,1,100.0
844,April,Doyle,april.doyle13@edu.com,Female,18,71,18,91,51,45,5,93.14
845,Howard,Jones,howard.jones79@edu.com,Female,20,88,6,65,88,44,0,77.08
846,Jason,Pace,jason.pace42@edu.com,Male,20,94,7,63,54,38,5,65.22
847,Brent,Wilson,brent.wilson50@edu.com,Male,20,61,2,83,84,52,4,80.68
848,Rhonda,Harris,rhonda.harris29@edu.com,Male,18,81,24,97,59,94,3,100.0
849,Gabriel,Brown,gabriel.brown7@edu.com,Male,19,77,6,49,84,69,3,77.27
850,Thomas,Elliott,thomas.elliott46@edu.com,Male,20,97,5,57,66,33,9,68.58
851,Tammy,Weber,tammy.weber31@edu.com,Female,22,80,22,38,99,91,5,96.95
852,Tyler,Reid,tyler.reid3@edu.com,Male,19,79,21,78,49,52,9,89.88
853,Cody,Burch,cody.burch9@edu.com,Female,22,74,18,77,49,46,0,75.89
854,Howard,Rodgers,howard.rodgers22@edu.com,Male,21,79,20,95,48,48,4,93.84
855,Carla,Davis,carla.davis17@edu.com,Female,21,69,24,56,77,56,3,86.18
856,John,Harris,john.harris84@edu.com,Female,21,72,17,91,78,68,8,100.0
857,Amber,Higgins,amber.higgins29@edu.com,Male,22,91,9,90,88,67,9,95.37
858,Michael,Leon,michael.leon94@edu.com,Female,22,93,22,31,91,40,0,78.19
859,Robert,Davis,robert.davis73@edu.com,Female,20,83,8,43,45,41,4,56.23
860,Allison,Harris,allison.harris85@edu.com,Male,21,72,6,51,44,83,10,65.89
861,Denise,Johnson,denise.johnson25@edu.com,Male,22,69,6,100,58,32,2,79.7
862,Jill,Bradley,jill.bradley8@edu.com,Female,22,79,15,79,71,80,8,92.11
863,Elizabeth,Farrell,elizabeth.farrell4@edu.com,Male,20,89,19,73,46,56,4,79.84
864,Robert,King,robert.king59@edu.com,Male,21,60,17,67,70,67,6,87.44
865,Craig,Kennedy,craig.kennedy67@edu.com,Male,18,75,17,84,50,53,10,79.78
866,Shelby,Castillo,shelby.castillo85@edu.com,Female,20,66,24,43,77,75,5,86.53
867,Karen,Mosley,karen.mosley68@edu.com,Male,19,92,12,65,41,75,9,75.43
868,Antonio,Griffin,antonio.griffin84@edu.com,Male,20,77,1,31,53,69,9,56.21
869,Stephanie,Escobar,stephanie.escobar63@edu.com,Male,21,87,19,87,96,70,9,100.0
870,Ann,Smith,ann.smith66@edu.com,Female,18,88,11,32,65,39,1,60.25
871,Bonnie,Nelson,bonnie.nelson68@edu.com,Female,22,77,5,89,56,31,8,71.85
872,Tommy,Dawson,tommy.dawson15@edu.com,Female,21,63,4,63,70,58,4,71.43
873,Misty,Moore,misty.moore66@edu.com,Male,19,81,18,93,96,47,8,100.0
874,Robin,Hunter,robin.hunter8@edu.com,Female,19,87,1,68,40,53,0,56.87
875,Diane,Bell,diane.bell17@edu.com,Female,18,83,1,31,70,67,10,58.51
876,Summer,Hull,summer.hull51@edu.com,Female,20,97,7,54,53,90,6,67.55
877,Ellen,Duran,ellen.duran11@edu.com,Female,19,96,16,85,47,34,2,85.68
878,Randy,Palmer,randy.palmer69@edu.com,Male,19,70,7,49,40,79,2,59.49
879,Brianna,Wall,brianna.wall77@edu.com,Male,20,97,5,53,80,64,9,75.43
880,Patricia,Ramirez,patricia.ramirez52@edu.com,Female,21,91,24,76,73,61,2,100.0
881,Nicholas,Price,nicholas.price5@edu.com,Female,22,61,17,90,87,52,6,91.79
882,Kristen,Richardson,kristen.richardson51@edu.com,Male,21,68,24,47,100,41,9,89.78
883,Heather,Hood,heather.hood36@edu.com,Male,21,93,15,97,93,50,0,97.13
884,James,Moore,james.moore80@edu.com,Male,18,92,14,64,42,61,0,74.71
885,Angela,Frye,angela.frye27@edu.com,Female,21,68,14,53,95,38,5,75.71
886,Tracy,Brown,tracy.brown75@edu.com,Male,21,78,4,76,60,82,2,75.13
887,Matthew,Fuller,matthew.fuller3@edu.com,Female,18,85,15,36,56,45,9,64.14
888,Anthony,Ochoa,anthony.ochoa64@edu.com,Male,21,91,21,83,84,78,9,100.0
889,Sandra,Taylor,sandra.taylor87@edu.com,Male,22,75,12,72,49,41,5,76.17
890,Isaiah,Cruz,isaiah.cruz11@edu.com,Male,19,78,8,64,70,68,1,79.4
891,Jennifer,Long,jennifer.long41@edu.com,Male,19,73,5,32,77,77,5,63.07
892,Bradley,Christian,bradley.christian11@edu.com,Female,22,79,18,45,97,87,2,95.1
893,Laura,Scott,laura.scott67@edu.com,Male,21,72,13,94,89,57,10,96.75
894,Nicole,Parker,nicole.parker86@edu.com,Male,18,91,8,38,49,81,7,61.71
895,Tony,Steele,tony.steele12@edu.com,Female,18,86,12,36,54,95,9,70.96
896,Brett,Garza,brett.garza34@edu.com,Female,18,62,6,83,85,73,4,90.2
897,Sandra,Bailey,sandra.bailey41@edu.com,Female,18,76,6,74,51,35,9,65.5
898,John,Hess,john.hess1@edu.com,Female,20,80,4,56,74,70,7,72.8
899,Tricia,Nash,tricia.nash60@edu.com,Female,21,99,6,69,41,88,6,77.18
900,William,Combs,william.combs9@edu.com,Female,21,93,6,32,100,45,10,69.7
901,Cheryl,Davis,cheryl.davis85@edu.com,Male,19,95,18,50,73,31,8,77.28
902,Angela,Poole,angela.poole77@edu.com,Male,22,81,4,50,56,48,6,58.3
903,Stephen,Brown,stephen.brown9@edu.com,Male,18,90,5,46,95,85,9,81.25
904,Mark,Bush,mark.bush83@edu.com,Male,21,61,21,32,93,45,1,78.19
905,Brian,Petty,brian.petty6@edu.com,Male,21,71,12,66,82,74,0,88.02
906,Veronica,Esparza,veronica.esparza18@edu.com,Male,21,97,12,59,42,46,6,67.13
907,Nicole,Jacobson,nicole.jacobson25@edu.com,Female,18,63,16,76,80,41,10,90.27
908,David,Rodriguez,david.rodriguez2@edu.com,Female,19,99,14,52,70,30,1,74.34
909,Angela,Brooks,angela.brooks65@edu.com,Female,19,70,16,63,78,83,3,86.42
910,Susan,Harrell,susan.harrell29@edu.com,Female,22,66,8,69,86,81,0,83.26
911,Matthew,Jones,matthew.jones34@edu.com,Female,19,90,17,100,53,76,5,100.0
912,Pamela,Gilmore,pamela.gilmore82@edu.com,Female,19,84,7,78,86,71,8,88.58
913,Kimberly,Johnson,kimberly.johnson48@edu.com,Female,18,70,0,53,57,50,7,55.19
914,Wayne,Duran,wayne.duran92@edu.com,Female,22,78,12,68,42,79,0,75.63
915,Elizabeth,Stone,elizabeth.stone41@edu.com,Male,21,95,7,41,62,51,0,60.06
916,Vanessa,Knight,vanessa.knight84@edu.com,Male,21,100,8,45,50,86,5,70.1
917,Jay,Hicks,jay.hicks89@edu.com,Male,18,92,10,60,60,65,6,79.13
918,Amber,Adams,amber.adams6@edu.com,Male,19,91,8,55,59,45,5,69.14
919,Sharon,Bailey,sharon.bailey88@edu.com,Male,18,100,24,76,72,57,0,97.83
920,James,Sullivan,james.sullivan34@edu.com,Male,19,72,10,73,49,81,3,81.26
921,Christopher,Rodriguez,christopher.rodriguez81@edu.com,Female,22,81,22,69,78,58,3,97.53
922,Melanie,Harris,melanie.harris55@edu.com,Female,21,66,9,52,57,56,4,60.48
923,Donald,Richardson,donald.richardson66@edu.com,Female,21,75,4,95,44,36,0,72.09
924,Sherry,Kennedy,sherry.kennedy30@edu.com,Male,20,84,20,42,88,32,7,79.95
925,Jared,Barton,jared.barton5@edu.com,Female,18,93,20,59,70,89,0,91.25
926,Bryan,Arroyo,bryan.arroyo27@edu.com,Male,19,90,23,60,47,94,7,90.94
927,Marilyn,Smith,marilyn.smith78@edu.com,Male,20,84,2,55,66,39,8,60.5
928,Juan,Carroll,juan.carroll18@edu.com,Male,22,94,4,82,42,90,7,75.94
929,Shane,Oliver,shane.oliver92@edu.com,Male,19,62,3,58,74,37,8,66.13
930,Christopher,Humphrey,christopher.humphrey85@edu.com,Male,19,85,17,52,55,60,6,73.91
931,Emily,Watkins,emily.watkins30@edu.com,Female,18,66,8,68,57,67,3,69.78
932,Gordon,Torres,gordon.torres40@edu.com,Female,22,95,14,71,50,78,9,82.94
933,Robert,Boyd,robert.boyd50@edu.com,Male,20,87,12,88,93,54,8,97.64
934,Ryan,King,ryan.king85@edu.com,Female,19,65,18,38,46,88,4,74.73
935,Eric,Garner,eric.garner52@edu.com,Female,20,85,5,80,54,95,7,82.21
936,Joshua,Mcfarland,joshua.mcfarland48@edu.com,Male,20,89,21,34,85,73,5,81.47
937,Jason,Todd,jason.todd83@edu.com,Female,18,86,4,30,70,71,10,61.7
938,Crystal,White,crystal.white47@edu.com,Female,22,100,6,79,77,53,4,83.64
939,George,Wilson,george.wilson92@edu.com,Female,19,74,10,33,46,88,8,62.71
940,Benjamin,Wu,benjamin.wu9@edu.com,Female,21,88,12,74,65,55,3,82.48
941,Gary,Jennings,gary.jennings75@edu.com,Female,20,77,8,85,92,51,9,90.08
942,Rhonda,Fowler,rhonda.fowler67@edu.com,Male,20,94,12,99,68,94,1,100.0
943,Travis,Donaldson,travis.donaldson70@edu.com,Male,22,71,18,63,91,90,5,100.0
944,Gary,Roberts,gary.roberts71@edu.com,Female,19,79,7,36,61,82,5,66.29
945,Judy,Bolton,judy.bolton76@edu.com,Female,22,64,0,57,73,79,7,69.94
946,Timothy,Patterson,timothy.patterson33@edu.com,Male,18,69,1,36,46,84,1,58.0
947,Tina,Bright,tina.bright51@edu.com,Female,18,67,2,32,60,72,1,51.66
948,Aaron,Reed,aaron.reed94@edu.com,Female,18,86,13,49,91,77,10,90.2
949,Laura,Holland,laura.holland15@edu.com,Male,18,75,17,84,54,66,9,92.62
950,Amanda,Riley,amanda.riley75@edu.com,Female,18,79,8,92,69,69,0,83.16
951,Reginald,Gonzalez,reginald.gonzalez80@edu.com,Female,20,63,18,89,48,42,3,82.52
952,Patrick,Walter,patrick.walter64@edu.com,Female,21,74,13,81,60,62,6,82.96
953,Paul,Roman,paul.roman36@edu.com,Female,20,65,1,89,91,50,6,82.36
954,Rachel,Jennings,rachel.jennings87@edu.com,Female,22,81,6,81,67,31,10,72.6
955,Michael,Buck,michael.buck64@edu.com,Male,22,88,23,41,64,76,3,84.83
956,Corey,Wong,corey.wong29@edu.com,Male,21,60,7,87,65,53,3,78.2
957,John,Greene,john.greene23@edu.com,Male,20,79,3,92,86,59,5,88.71
958,Kevin,Ferguson,kevin.ferguson6@edu.com,Female,20,79,4,97,52,41,10,70.22
959,Daniel,Watts,daniel.watts74@edu.com,Female,18,97,20,60,79,73,9,92.65
960,Emily,Gonzalez,emily.gonzalez7@edu.com,Male,22,71,12,69,89,35,1,80.81
961,Heather,Morris,heather.morris95@edu.com,Male,22,97,0,39,84,32,8,60.66
962,Jose,Baker,jose.baker93@edu.com,Female,19,68,2,36,41,90,0,55.13
963,Daniel,Wilson,daniel.wilson62@edu.com,Female,18,62,10,76,40,86,4,79.82
964,Christine,Thomas,christine.thomas83@edu.com,Female,21,84,11,65,68,42,0,71.24
965,Andre,Terry,andre.terry96@edu.com,Female,21,87,18,70,79,42,7,92.99
966,Tyler,Morgan,tyler.morgan81@edu.com,Female,20,68,5,67,53,68,8,71.96
967,Catherine,Allen,catherine.allen53@edu.com,Male,18,89,6,67,73,42,1,71.83
968,William,Hernandez,william.hernandez72@edu.com,Female,19,62,23,85,46,51,5,83.48
969,Kara,Cline,kara.cline34@edu.com,Female,20,80,16,68,56,58,0,80.31
970,Emily,Hoover,emily.hoover77@edu.com,Female,20,91,10,88,56,44,4,76.03
971,Brandon,Allen,brandon.allen13@edu.com,Male,20,67,16,43,79,73,10,84.17
972,Mariah,Moore,mariah.moore98@edu.com,Female,21,83,18,36,77,76,5,81.45
973,Bobby,Cooper,bobby.cooper40@edu.com,Male,21,70,10,98,60,50,8,86.93
974,Teresa,Crawford,teresa.crawford60@edu.com,Male,19,66,0,72,46,61,1,63.15
975,Jaime,Evans,jaime.evans55@edu.com,Male,19,69,8,96,98,30,0,91.22
976,Michael,Houston,michael.houston9@edu.com,Male,22,93,6,56,89,78,6,79.42
977,Megan,Fry,megan.fry65@edu.com,Female,18,78,21,40,98,42,8,87.12
978,William,Davis,william.davis66@edu.com,Male,21,94,1,75,64,57,7,74.36
979,Larry,Hernandez,larry.hernandez33@edu.com,Male,22,70,23,48,78,33,6,74.86
980,Mark,Alexander,mark.alexander27@edu.com,Male,19,82,2,94,48,47,10,74.68
981,Benjamin,Schmidt,benjamin.schmidt43@edu.com,Female,21,61,17,83,89,47,8,93.63
982,Nicole,Howard,nicole.howard94@edu.com,Male,19,97,7,54,100,51,1,82.25
983,Ashley,Kelly,ashley.kelly95@edu.com,Female,19,82,15,39,52,94,0,73.44
984,Angela,Jones,angela.jones62@edu.com,Female,18,86,20,87,85,53,3,98.86
985,Marc,Hendrix,marc.hendrix90@edu.com,Female,22,61,19,74,55,60,1,83.85
986,Sheila,Martin,sheila.martin70@edu.com,Male,19,100,8,47,63,72,5,77.5
987,Christopher,Donovan,christopher.donovan72@edu.com,Female,21,77,16,76,87,89,5,100.0
988,Nicholas,Jones,nicholas.jones56@edu.com,Female,22,72,4,91,67,66,0,88.8
989,Jennifer,Clark,jennifer.clark65@edu.com,Male,22,87,21,35,72,52,7,76.85
990,Christine,Mccall,christine.mccall46@edu.com,Male,22,93,17,60,44,87,4,80.04
991,Justin,Rice,justin.rice23@edu.com,Female,22,86,23,34,70,44,0,78.07
992,Jared,Turner,jared.turner89@edu.com,Female,21,61,23,73,98,49,10,97.67
993,Todd,Allen,todd.allen98@edu.com,Female,18,79,9,31,97,66,4,69.27
994,Taylor,Yoder,taylor.yoder10@edu.com,Female,20,60,22,60,95,79,9,94.44
995,Rebecca,Crawford,rebecca.crawford41@edu.com,Female,22,69,23,71,51,89,0,93.97
996,Ronald,Reed,ronald.reed12@edu.com,Male,21,94,18,82,98,83,3,100.0
997,Samantha,Miller,samantha.miller5@edu.com,Female,20,93,19,80,67,41,1,89.97
998,Stephanie,Harris,stephanie.harris44@edu.com,Male,19,65,24,94,54,74,4,98.26
999,Sydney,Lee,sydney.lee37@edu.com,Female,20,79,22,79,88,48,2,99.73
1000,Victor,Fernandez,victor.fernandez61@edu.com,Female,21,95,11,93,55,92,4,92.54
1001,Jennifer,Nelson,jennifer.nelson76@edu.com,Male,22,92,7,91,54,40,5,72.8
1002,Samantha,Black,samantha.black1@edu.com,Female,19,93,3,49,79,47,2,67.95
1003,Kenneth,Wright,kenneth.wright64@edu.com,Female,20,60,23,69,93,36,9,98.39
1004,Michelle,Price,michelle.price3@edu.com,Male,19,74,17,90,86,30,9,99.33
1005,Michael,Graham,michael.graham69@edu.com,Female,20,63,9,77,54,91,9,83.03
1006,Jessica,Reynolds,jessica.reynolds51@edu.com,Female,19,67,4,55,54,62,4,60.73
1007,Martin,Leon,martin.leon43@edu.com,Male,19,91,4,62,65,69,9,71.4
1008,James,Sanders,james.sanders9@edu.com,Female,21,78,6,96,83,52,7,86.52
1009,Kelsey,Berry,kelsey.berry55@edu.com,Male,20,84,11,62,46,35,7,65.84
1010,Rebecca,Vazquez,rebecca.vazquez99@edu.com,Female,19,73,7,39,89,39,0,66.58
1011,Michael,Webster,michael.webster48@edu.com,Male,22,75,23,96,84,53,5,100.0
1012,Marcus,Brown,marcus.brown61@edu.com,Male,18,98,3,69,43,33,9,59.91
1013,Christopher,Estrada,christopher.estrada95@edu.com,Male,22,66,6,72,70,69,0,70.18
1014,Raymond,Schneider,raymond.schneider15@edu.com,Male,21,71,21,77,40,79,2,94.42
1015,Ronald,Fowler,ronald.fowler18@edu.com,Male,18,80,7,37,96,67,9,72.19
1016,Carlos,Hansen,carlos.hansen19@edu.com,Male,22,87,9,73,57,44,3,75.03
1017,Elizabeth,Lee,elizabeth.lee38@edu.com,Female,19,67,4,91,58,83,4,78.21
1018,Heather,Jenkins,heather.jenkins50@edu.com,Female,22,95,7,90,72,52,10,80.72
1019,Bryan,Hudson,bryan.hudson50@edu.com,Male,21,74,15,38,70,73,5,73.87
1020,Justin,Fox,justin.fox38@edu.com,Female,18,69,22,61,46,81,5,82.36
1021,Rebekah,Spencer,rebekah.spencer35@edu.com,Male,22,89,13,71,97,60,2,93.71
1022,Ruth,Hanson,ruth.hanson64@edu.com,Female,21,72,9,56,67,39,0,69.36
1023,Matthew,Briggs,matthew.briggs2@edu.com,Female,22,69,6,59,93,45,0,67.41
1024,Laurie,Martin,laurie.martin40@edu.com,Male,20,86,7,69,92,87,8,87.99
1025,Phillip,Gould,phillip.gould67@edu.com,Male,18,74,19,56,48,82,1,84.62
1026,Stephanie,Wright,stephanie.wright82@edu.com,Male,18,71,0,31,90,69,3,57.85
1027,Michael,Porter,michael.porter26@edu.com,Male,21,76,6,81,73,32,5,77.35
1028,Gregory,Mitchell,gregory.mitchell31@edu.com,Female,19,72,16,60,63,94,7,82.17
1029,Robert,Wyatt,robert.wyatt96@edu.com,Female,20,78,14,49,92,81,3,82.26
1030,John,Jackson,john.jackson2@edu.com,Male,20,80,2,36,97,54,9,71.02
1031,Kevin,Tucker,kevin.tucker66@edu.com,Female,21,84,20,72,69,88,10,100.0
1032,Paul,Walker,paul.walker87@edu.com,Male,20,62,18,53,99,30,7,79.25
1033,Jared,Delgado,jared.delgado53@edu.com,Female,22,86,7,91,56,63,4,84.62
1034,Mason,Gonzalez,mason.gonzalez32@edu.com,Male,22,85,9,86,99,39,0,90.56
1035,Eric,Rogers,eric.rogers14@edu.com,Female,19,98,16,56,57,92,9,90.21
1036,Antonio,Schmitt,antonio.schmitt91@edu.com,Male,20,93,8,76,91,75,2,88.89
1037,Erica,Chavez,erica.chavez96@edu.com,Male,21,65,20,32,93,36,8,72.21
1038,Kenneth,Spears,kenneth.spears37@edu.com,Female,19,75,21,100,79,61,5,100.0
1039,Stefanie,Owens,stefanie.owens40@edu.com,Female,22,94,6,85,44,64,5,73.83
1040,Carolyn,Walker,carolyn.walker27@edu.com,Female,22,71,21,76,67,67,7,96.43
1041,Tyler,Woodard,tyler.woodard89@edu.com,Male,22,95,12,73,67,90,0,92.28
1042,Linda,Lee,linda.lee24@edu.com,Female,22,61,17,88,79,60,1,92.79
1043,Devon,Williams,devon.williams80@edu.com,Female,20,81,15,77,54,55,0,82.49
1044,Jill,Norman,jill.norman72@edu.com,Male,18,98,21,60,82,73,2,94.12
1045,Teresa,Davenport,teresa.davenport71@edu.com,Female,19,84,0,76,97,79,0,83.25
1046,Tracey,Tate,tracey.tate8@edu.com,Male,18,90,11,51,40,34,0,56.67
1047,Marco,Morrow,marco.morrow34@edu.com,Female,21,96,2,74,41,76,5,73.16
1048,Daniel,Castaneda,daniel.castaneda76@edu.com,Female,18,80,18,39,50,43,10,71.77
1049,Richard,Smith,richard.smith16@edu.com,Female,21,80,12,90,65,70,2,90.31
1050,Ann,Martin,ann.martin20@edu.com,Female,18,83,0,39,73,86,0,62.75
1051,Andres,Thomas,andres.thomas61@edu.com,Male,22,67,5,60,81,31,1,62.44
1052,Lisa,Johns,lisa.johns70@edu.com,Male,22,65,23,81,78,71,5,100.0
1053,Jeffrey,Olson,jeffrey.olson60@edu.com,Female,22,95,7,99,63,79,10,95.84
1054,Susan,Ford,susan.ford71@edu.com,Male,19,81,5,93,69,47,1,76.97
1055,Heather,Keller,heather.keller81@edu.com,Female,20,62,23,85,83,94,7,100.0
1056,Beth,Marquez,beth.marquez99@edu.com,Male,21,97,14,43,81,78,6,83.44
1057,William,Davis,william.davis74@edu.com,Female,21,89,12,87,91,91,0,96.57
1058,Brandon,Jones,brandon.jones13@edu.com,Male,20,96,10,62,63,90,5,82.43
1059,Holly,Davenport,holly.davenport18@edu.com,Female,22,87,12,52,54,35,10,68.0
1060,Brittany,Russo,brittany.russo1@edu.com,Female,19,81,11,56,88,35,1,75.57
1061,Matthew,Hall,matthew.hall54@edu.com,Male,19,61,14,82,95,49,4,96.75
1062,Jonathan,Hamilton,jonathan.hamilton83@edu.com,Female,18,67,6,61,91,65,8,81.47
1063,Charlene,Hernandez,charlene.hernandez8@edu.com,Male,18,63,15,70,80,88,3,97.09
1064,Monica,Clark,monica.clark5@edu.com,Female,19,82,10,33,48,61,8,58.18
1065,Jose,Horne,jose.horne58@edu.com,Male,18,82,13,81,99,56,2,93.89
1066,Lance,Smith,lance.smith7@edu.com,Male,22,91,4,34,81,43,1,57.81
1067,Nathan,Griffin,nathan.griffin46@edu.com,Male,20,87,9,81,100,85,1,100.0
1068,Joseph,Christian,joseph.christian83@edu.com,Male,18,83,12,66,50,62,8,71.5
1069,Richard,Smith,richard.smith97@edu.com,Female,19,92,10,93,68,33,8,81.27
1070,Derrick,Davis,derrick.davis30@edu.com,Male,19,71,19,78,82,95,0,96.56
1071,Kelly,Adkins,kelly.adkins56@edu.com,Female,18,80,18,55,90,39,0,79.47
1072,Brittany,Hernandez,brittany.hernandez3@edu.com,Female,22,83,18,90,98,54,5,100.0
1073,Melissa,Wright,melissa.wright60@edu.com,Male,18,65,0,38,84,94,4,68.22
1074,Janet,Gregory,janet.gregory83@edu.com,Male,19,80,13,73,99,36,7,90.36
1075,Megan,Nguyen,megan.nguyen65@edu.com,Male,18,96,10,57,43,49,4,63.08
1076,Michele,Odonnell,michele.odonnell46@edu.com,Male,18,80,12,42,93,78,6,82.34
1077,Alyssa,Walters,alyssa.walters47@edu.com,Female,18,86,1,55,91,68,9,73.59
1078,Sharon,Miller,sharon.miller11@edu.com,Male,21,99,12,80,64,59,1,83.46
1079,Mark,Brown,mark.brown40@edu.com,Female,22,84,19,44,69,71,1,82.17
1080,Mark,Williams,mark.williams15@edu.com,Female,18,84,16,91,93,83,6,100.0
1081,Jeffrey,Zuniga,jeffrey.zuniga96@edu.com,Female,20,82,18,53,95,91,1,90.89
1082,Ashley,Chan,ashley.chan84@edu.com,Male,20,90,8,45,49,88,1,68.21
1083,Adrian,Gregory,adrian.gregory43@edu.com,Female,19,87,6,87,91,66,3,93.8
1084,Brittany,Shaw,brittany.shaw56@edu.com,Female,19,74,3,50,74,73,4,67.8
1085,Amanda,Cook,amanda.cook87@edu.com,Female,22,74,17,93,82,37,2,94.15
1086,Brandi,Benjamin,brandi.benjamin89@edu.com,Female,19,93,2,75,51,85,9,75.96
1087,Ian,Frazier,ian.frazier62@edu.com,Male,20,79,0,88,78,57,0,77.48
1088,Peter,Williams,peter.williams7@edu.com,Female,21,90,17,81,82,46,1,91.02
1089,Dennis,Fernandez,dennis.fernandez21@edu.com,Female,19,77,23,49,45,53,6,73.51
1090,Eric,Long,eric.long65@edu.com,Male,20,88,23,98,72,73,4,100.0
1091,David,Jenkins,david.jenkins4@edu.com,Female,21,64,22,64,53,35,6,81.72
1092,Rebecca,Bradley,rebecca.bradley34@edu.com,Male,18,60,6,33,68,53,1,53.18
1093,Robert,Reid,robert.reid49@edu.com,Male,20,86,7,58,80,52,3,75.56
1094,Matthew,Novak,matthew.novak97@edu.com,Male,20,83,18,57,79,39,1,79.22
1095,Cassidy,Obrien,cassidy.obrien76@edu.com,Male,20,96,24,70,97,94,2,100.0
1096,Tina,Gonzalez,tina.gonzalez3@edu.com,Male,20,60,2,76,85,80,8,82.88
1097,Brianna,Lucas,brianna.lucas43@edu.com,Male,19,70,9,44,62,79,2,68.34
1098,Erica,Wilkerson,erica.wilkerson62@edu.com,Female,20,90,20,77,71,40,3,87.51
1099,Ryan,Thompson,ryan.thompson2@edu.com,Female,18,78,1,86,75,48,2,78.51
1100,Melissa,Perez,melissa.perez89@edu.com,Male,18,80,4,73,54,73,4,74.51
1101,Sarah,Johnson,sarah.johnson55@edu.com,Female,20,70,23,96,71,77,5,100.0
1102,Paul,Yang,paul.yang9@edu.com,Male,18,95,21,86,89,47,2,99.85
1103,John,Frost,john.frost97@edu.com,Male,21,91,18,58,40,75,6,82.43
1104,Erica,King,erica.king6@edu.com,Male,21,87,10,63,40,30,7,64.13
1105,Mary,White,mary.white93@edu.com,Female,18,93,11,75,61,47,7,83.81
1106,Steven,Arias,steven.arias6@edu.com,Male,21,71,1,36,83,33,1,52.39
1107,Brandy,Chang,brandy.chang83@edu.com,Male,18,87,11,34,87,63,4,73.04
1108,Denise,Smith,denise.smith93@edu.com,Male,20,60,10,53,51,51,1,71.48
1109,Christopher,Reyes,christopher.reyes49@edu.com,Female,19,75,12,54,89,87,7,81.15
1110,Kimberly,Barber,kimberly.barber36@edu.com,Male,22,87,14,30,67,46,8,70.76
1111,Shelby,Nelson,shelby.nelson1@edu.com,Female,19,94,2,89,72,52,1,81.99
1112,Kelly,Patton,kelly.patton9@edu.com,Male,19,94,2,86,50,31,3,70.92
1113,Charles,Malone,charles.malone52@edu.com,Male,22,96,16,86,97,62,3,96.62
1114,Christopher,Miller,christopher.miller60@edu.com,Female,19,75,19,97,63,82,4,100.0
1115,Kyle,Gutierrez,kyle.gutierrez39@edu.com,Male,21,77,0,70,99,57,3,77.37
1116,Christina,Zuniga,christina.zuniga68@edu.com,Female,19,83,1,69,53,78,1,65.89
1117,Tara,Barrera,tara.barrera22@edu.com,Female,19,78,16,64,70,62,3,84.22
1118,Timothy,Robinson,timothy.robinson10@edu.com,Male,20,73,18,92,84,92,3,100.0
1119,Anthony,Lynch,anthony.lynch39@edu.com,Male,22,91,5,60,75,74,0,73.73
1120,David,Hall,david.hall6@edu.com,Male,22,83,17,62,56,41,3,72.38
1121,Logan,Brown,logan.brown73@edu.com,Male,18,68,24,94,60,86,3,100.0
1122,Mariah,Stanton,mariah.stanton45@edu.com,Female,21,72,9,97,58,37,0,76.18
1123,James,Harris,james.harris15@edu.com,Male,18,98,9,42,61,71,10,70.65
1124,James,Johnson,james.johnson78@edu.com,Male,22,67,6,93,100,93,7,98.65
1125,Emily,Hobbs,emily.hobbs2@edu.com,Female,19,73,20,67,96,58,0,94.58
1126,Hannah,Herman,hannah.herman11@edu.com,Female,19,65,22,73,76,44,7,92.77
1127,Kevin,Bennett,kevin.bennett99@edu.com,Female,18,62,2,69,77,60,0,73.91
1128,Julia,Taylor,julia.taylor75@edu.com,Female,22,74,0,31,89,37,3,52.62
1129,Michele,Waters,michele.waters64@edu.com,Female,22,71,24,92,57,55,6,99.25
1130,Jonathan,Norris,jonathan.norris41@edu.com,Female,18,84,19,47,63,68,3,75.59
1131,Sue,Escobar,sue.escobar83@edu.com,Male,22,88,18,98,63,91,8,100.0
1132,Nancy,Fields,nancy.fields86@edu.com,Female,19,94,22,97,89,67,0,100.0
1133,Donna,Jimenez,donna.jimenez31@edu.com,Male,22,97,8,53,67,80,1,80.98
1134,Chase,Lawson,chase.lawson20@edu.com,Male,18,94,20,46,70,70,9,82.08
1135,Rodney,Powers,rodney.powers95@edu.com,Male,20,98,6,67,99,78,5,86.44
1136,Christina,Kirby,christina.kirby80@edu.com,Male,18,76,7,63,50,42,8,59.56
1137,Adriana,Ortiz,adriana.ortiz27@edu.com,Female,20,74,17,99,85,86,0,100.0
1138,Deborah,Mcdowell,deborah.mcdowell90@edu.com,Male,21,100,3,63,80,94,3,82.81
1139,Catherine,Herrera,catherine.herrera61@edu.com,Female,22,77,23,57,40,42,2,74.36
1140,William,Le,william.le21@edu.com,Male,20,95,22,55,62,33,5,76.53
1141,Jeff,Pena,jeff.pena25@edu.com,Female,19,66,8,42,44,53,8,57.31
1142,Roy,Blevins,roy.blevins81@edu.com,Female,22,80,3,71,49,38,6,67.09
1143,Ryan,Tran,ryan.tran18@edu.com,Male,18,79,24,30,94,86,1,91.16
1144,Joseph,Kennedy,joseph.kennedy60@edu.com,Male,19,80,22,87,96,81,4,100.0
1145,Mark,Keith,mark.keith81@edu.com,Female,18,93,2,68,75,95,7,81.85
1146,Toni,Shepard,toni.shepard21@edu.com,Female,21,100,2,32,40,73,7,52.34
1147,Elizabeth,Montes,elizabeth.montes13@edu.com,Female,18,90,18,64,40,52,10,77.99
1148,Michael,Duncan,michael.duncan79@edu.com,Female,19,60,11,64,45,83,7,77.06
1149,Hailey,Thomas,hailey.thomas11@edu.com,Male,22,83,21,46,53,80,9,82.46
1150,Paige,Flores,paige.flores28@edu.com,Female,21,71,13,65,91,74,7,90.93
1151,Jessica,Brown,jessica.brown32@edu.com,Male,18,72,10,80,59,47,10,77.99
1152,Bradley,Allen,bradley.allen56@edu.com,Male,20,98,16,50,43,58,10,77.07
1153,Dana,Lee,dana.lee51@edu.com,Female,20,100,21,44,99,50,4,90.71
1154,Margaret,Medina,margaret.medina18@edu.com,Female,22,66,9,68,72,43,10,75.56
1155,Jennifer,Jacobs,jennifer.jacobs10@edu.com,Male,21,94,10,46,53,34,0,56.74
1156,Tyler,Daniels,tyler.daniels37@edu.com,Male,19,69,16,98,70,71,9,98.67
1157,Eric,Carr,eric.carr57@edu.com,Male,21,92,20,33,58,87,5,79.05
1158,Anne,Sharp,anne.sharp72@edu.com,Male,20,75,7,74,71,40,8,75.97
1159,Robert,Davis,robert.davis98@edu.com,Female,19,94,3,38,54,77,8,60.47
1160,Jasmine,Davidson,jasmine.davidson69@edu.com,Male,22,86,5,81,99,80,5,86.69
1161,Catherine,Mccann,catherine.mccann35@edu.com,Female,22,62,7,33,65,87,2,63.65
1162,Michele,Miller,michele.miller37@edu.com,Male,20,95,3,39,91,42,2,63.8
1163,Vanessa,Ortiz,vanessa.ortiz15@edu.com,Female,18,81,10,49,65,41,10,69.75
1164,Caitlin,Harris,caitlin.harris4@edu.com,Male,22,93,14,92,65,86,4,99.69
1165,Debra,Pham,debra.pham94@edu.com,Female,19,77,14,54,86,77,10,88.48
1166,Luke,Lopez,luke.lopez12@edu.com,Female,18,77,1,61,98,59,2,74.39
1167,Virginia,Arnold,virginia.arnold44@edu.com,Female,18,83,5,55,47,31,1,62.06
1168,Thomas,Gallagher,thomas.gallagher7@edu.com,Female,21,65,3,80,83,60,4,82.39
1169,Julia,Conley,julia.conley49@edu.com,Female,21,63,22,81,64,33,8,91.61
1170,Carolyn,Mcneil,carolyn.mcneil89@edu.com,Male,19,99,7,59,95,44,9,83.06
1171,Brittney,Cohen,brittney.cohen52@edu.com,Male,21,94,1,63,80,54,4,67.91
1172,Sheila,Turner,sheila.turner4@edu.com,Female,21,62,19,44,73,42,0,78.47
1173,Jamie,Hensley,jamie.hensley28@edu.com,Female,20,89,22,92,47,52,1,92.27
1174,Kristy,Maynard,kristy.maynard61@edu.com,Female,20,83,9,44,60,47,2,68.47
1175,Bernard,Becker,bernard.becker93@edu.com,Male,21,92,3,50,75,53,6,65.51
1176,John,Buckley,john.buckley26@edu.com,Female,22,88,14,100,40,64,7,88.52
1177,Jeremy,Hill,jeremy.hill87@edu.com,Male,20,70,12,65,42,73,8,79.25
1178,Nicholas,Mendoza,nicholas.mendoza7@edu.com,Female,21,66,5,82,100,87,5,95.64
1179,James,Lynch,james.lynch92@edu.com,Male,18,99,10,79,57,88,4,89.16
1180,Timothy,Stanley,timothy.stanley64@edu.com,Female,20,80,23,70,76,49,7,94.07
1181,Jessica,Williams,jessica.williams1@edu.com,Female,20,99,20,52,90,74,5,97.32
1182,Adrienne,Brown,adrienne.brown77@edu.com,Male,21,65,6,51,87,43,7,75.59
1183,Norma,Walker,norma.walker37@edu.com,Male,22,85,4,63,90,74,5,83.76
1184,Angela,Shaffer,angela.shaffer72@edu.com,Female,21,72,13,50,78,92,1,85.73
1185,Jeremy,Le,jeremy.le21@edu.com,Female,20,75,1,31,41,65,3,46.46
1186,Katherine,Nguyen,katherine.nguyen67@edu.com,Male,18,61,17,81,68,39,1,81.17
1187,Olivia,Allen,olivia.allen56@edu.com,Male,18,96,20,48,85,45,0,85.61
1188,Jessica,Garner,jessica.garner91@edu.com,Female,21,79,5,32,82,94,3,72.15
1189,Valerie,Morales,valerie.morales51@edu.com,Female,18,75,17,68,94,41,10,90.56
1190,Anna,Peterson,anna.peterson63@edu.com,Male,19,72,0,49,91,51,3,65.31
1191,Mary,Cox,mary.cox36@edu.com,Female,19,90,14,33,68,65,8,74.26
1192,Juan,Marquez,juan.marquez70@edu.com,Female,19,69,3,96,72,80,1,89.01
1193,Monica,Hernandez,monica.hernandez86@edu.com,Male,19,97,2,94,97,49,9,92.67
1194,Ashley,Avery,ashley.avery22@edu.com,Male,20,66,16,40,98,43,8,81.67
1195,Carol,Morgan,carol.morgan89@edu.com,Male,21,69,11,49,47,91,10,73.3
1196,Christopher,Estrada,christopher.estrada14@edu.com,Male,21,97,23,97,97,34,0,100.0
1197,Carlos,Montes,carlos.montes59@edu.com,Female,19,69,1,98,60,82,3,85.55
1198,Calvin,Jacobs,calvin.jacobs86@edu.com,Female,18,77,18,62,60,56,6,80.16
1199,Elizabeth,Robertson,elizabeth.robertson7@edu.com,Male,21,63,8,35,89,65,9,73.21
1200,Frank,Montes,frank.montes27@edu.com,Female,20,79,13,57,68,61,8,77.0
1201,Anthony,Jones,anthony.jones31@edu.com,Female,18,87,14,39,75,47,5,72.47
1202,Kaitlin,Miller,kaitlin.miller5@edu.com,Male,22,80,11,74,78,72,6,93.11
1203,Amy,Esparza,amy.esparza59@edu.com,Male,21,94,0,88,60,30,3,69.66
1204,Janet,King,janet.king69@edu.com,Male,19,64,20,47,88,49,6,86.59
1205,Eric,Aguirre,eric.aguirre79@edu.com,Male,19,62,13,76,44,95,1,81.28
1206,Leonard,Jones,leonard.jones99@edu.com,Male,20,67,23,41,84,81,9,90.12
1207,Crystal,Moody,crystal.moody21@edu.com,Male,22,77,13,76,90,71,4,93.32
1208,Amy,Lewis,amy.lewis31@edu.com,Female,20,85,4,43,68,93,1,75.17
1209,James,Barron,james.barron87@edu.com,Female,18,71,20,33,67,83,7,81.85
1210,Grace,Joseph,grace.joseph34@edu.com,Female,22,97,0,57,48,75,2,62.5
1211,Joshua,Kelly,joshua.kelly33@edu.com,Male,18,96,3,63,83,40,2,71.26
1212,Samuel,Strickland,samuel.strickland90@edu.com,Male,18,98,1,89,87,33,7,79.03
1213,Jeremy,Oconnell,jeremy.oconnell51@edu.com,Female,22,83,23,75,74,51,1,90.37
1214,Debra,Jennings,debra.jennings24@edu.com,Male,20,95,10,97,99,66,0,97.82
1215,Herbert,Martinez,herbert.martinez33@edu.com,Male,20,93,18,97,42,89,1,95.44
1216,Nicholas,Garcia,nicholas.garcia37@edu.com,Female,18,75,20,36,91,77,1,94.0
1217,Christopher,Murphy,christopher.murphy42@edu.com,Female,18,80,16,43,43,75,5,67.0
1218,Richard,Green,richard.green71@edu.com,Male,20,86,14,73,100,74,1,99.32
1219,Wayne,Johnson,wayne.johnson60@edu.com,Female,21,94,15,76,87,81,4,99.02
1220,Veronica,Henderson,veronica.henderson87@edu.com,Male,20,95,2,78,70,81,3,73.85
1221,Jennifer,Clarke,jennifer.clarke10@edu.com,Female,19,79,13,35,65,55,8,74.22
1222,Jennifer,Wong,jennifer.wong1@edu.com,Female,18,81,22,89,98,80,1,100.0
1223,Brandon,Murillo,brandon.murillo64@edu.com,Male,22,72,16,66,79,94,7,93.96
1224,Patrick,Flores,patrick.flores96@edu.com,Female,19,69,1,95,84,75,10,81.41
1225,Ryan,Ward,ryan.ward98@edu.com,Female,21,62,23,89,73,81,8,100.0
1226,Jermaine,Mcintosh,jermaine.mcintosh55@edu.com,Female,18,98,6,83,64,53,6,80.89
1227,Anthony,Gallegos,anthony.gallegos10@edu.com,Female,18,90,12,30,65,60,5,65.83
1228,Tammy,Solomon,tammy.solomon27@edu.com,Female,21,88,14,55,46,68,10,73.7
1229,Matthew,Tanner,matthew.tanner89@edu.com,Female,18,82,10,51,72,35,1,65.01
1230,Jacob,Watkins,jacob.watkins13@edu.com,Male,22,86,7,59,94,40,9,84.49
1231,Nicholas,Smith,nicholas.smith22@edu.com,Male,22,61,17,34,87,40,9,71.92
1232,Lori,Sanchez,lori.sanchez65@edu.com,Female,19,91,4,61,53,77,2,73.47
1233,Kelsey,Summers,kelsey.summers55@edu.com,Male,18,73,1,81,87,37,7,74.38
1234,Rachel,Hunt,rachel.hunt81@edu.com,Female,18,60,9,66,48,71,9,68.78
1235,Billy,Hayes,billy.hayes94@edu.com,Female,20,96,19,40,98,32,10,77.58
1236,Michael,Berry,michael.berry52@edu.com,Male,18,72,8,46,77,50,0,69.37
1237,Sean,Harper,sean.harper55@edu.com,Male,20,83,4,96,73,52,5,85.23
1238,Tammy,Walters,tammy.walters74@edu.com,Female,20,79,7,70,53,81,5,72.89
1239,William,Walker,william.walker32@edu.com,Male,18,68,3,68,46,35,4,61.65
1240,Austin,Williams,austin.williams58@edu.com,Female,22,81,1,81,91,59,6,83.25
1241,Bonnie,Wright,bonnie.wright91@edu.com,Female,21,63,11,100,92,87,10,100.0
1242,Gary,Day,gary.day4@edu.com,Male,19,95,0,33,92,74,7,64.91
1243,David,Landry,david.landry99@edu.com,Female,18,64,19,89,76,40,9,93.94
1244,Laurie,Spence,laurie.spence26@edu.com,Female,18,77,10,67,50,75,7,78.82
1245,Marcus,Morris,marcus.morris64@edu.com,Male,21,100,17,39,63,89,6,82.61
1246,Randy,Powers,randy.powers58@edu.com,Male,21,71,7,52,76,46,3,68.52
1247,Greg,Daugherty,greg.daugherty52@edu.com,Male,22,62,1,42,59,60,4,50.11
1248,Roy,Johnson,roy.johnson94@edu.com,Male,21,74,14,60,49,94,9,79.63
1249,Ian,Juarez,ian.juarez95@edu.com,Male,21,78,21,96,71,47,8,100.0
1250,Kathleen,Brooks,kathleen.brooks61@edu.com,Female,22,95,23,55,67,78,9,91.02
1251,Gregory,Little,gregory.little62@edu.com,Female,20,72,21,58,44,33,9,76.87
1252,James,Kim,james.kim70@edu.com,Female,20,60,2,45,88,79,4,66.31
1253,Charles,Young,charles.young22@edu.com,Male,19,71,10,35,45,47,1,53.35
1254,James,Johnson,james.johnson84@edu.com,Male,20,67,8,46,42,85,5,63.78
1255,Ryan,Delgado,ryan.delgado36@edu.com,Female,19,62,15,99,81,56,5,100.0
1256,Melissa,Brown,melissa.brown15@edu.com,Male,22,79,2,32,65,34,10,53.0
1257,John,Bird,john.bird19@edu.com,Male,22,89,16,73,83,93,2,100.0
1258,Nicholas,Oliver,nicholas.oliver94@edu.com,Female,19,60,13,72,83,88,9,92.22
1259,Alexandra,Mills,alexandra.mills28@edu.com,Female,19,66,13,68,76,69,7,86.79
1260,Patricia,Martin,patricia.martin39@edu.com,Female,19,82,14,35,94,45,4,75.53
1261,Lori,Smith,lori.smith83@edu.com,Male,22,82,10,94,71,68,2,94.44
1262,Dawn,Wright,dawn.wright99@edu.com,Male,20,74,21,90,71,32,2,97.58
1263,Carolyn,Griffin,carolyn.griffin46@edu.com,Female,18,77,18,57,97,49,3,90.42
1264,Jonathan,Miller,jonathan.miller84@edu.com,Male,18,90,20,92,62,93,7,100.0
1265,Michael,Lawrence,michael.lawrence76@edu.com,Female,18,77,12,65,90,58,7,89.05
1266,Robert,Taylor,robert.taylor28@edu.com,Male,22,63,10,57,98,50,4,74.21
1267,Caroline,Ho,caroline.ho87@edu.com,Male,20,61,7,39,66,75,7,64.23
1268,Tammy,Hill,tammy.hill41@edu.com,Female,19,69,23,98,56,37,6,96.29
1269,John,Lawrence,john.lawrence66@edu.com,Female,21,76,3,71,81,78,4,76.6
1270,Monica,Garza,monica.garza35@edu.com,Male,18,74,8,84,72,58,0,79.44
1271,Michael,Morales,michael.morales81@edu.com,Male,22,97,23,73,45,40,3,88.41
1272,Bruce,Thompson,bruce.thompson40@edu.com,Male,18,93,4,49,69,64,8,66.45
1273,Michael,Stuart,michael.stuart28@edu.com,Male,22,73,20,100,41,73,8,92.81
1274,Jennifer,Bean,jennifer.bean54@edu.com,Male,21,89,21,98,48,95,5,100.0
1275,Jennifer,Watkins,jennifer.watkins47@edu.com,Female,21,71,19,93,75,51,0,91.84
1276,David,Floyd,david.floyd39@edu.com,Female,22,90,24,83,100,31,5,100.0
1277,Kelly,Ramirez,kelly.ramirez1@edu.com,Male,22,72,5,80,58,38,9,75.12
1278,Margaret,Graves,margaret.graves38@edu.com,Female,21,93,13,73,75,48,10,82.46
1279,Nicholas,Kim,nicholas.kim66@edu.com,Male,20,78,22,66,74,75,8,93.58
1280,Christine,Brown,christine.brown73@edu.com,Male,21,87,22,55,71,38,5,77.39
1281,Heather,Barrett,heather.barrett76@edu.com,Male,20,60,3,36,65,83,0,56.93
1282,Robert,Zavala,robert.zavala58@edu.com,Female,20,83,6,59,69,57,4,70.27
1283,Ruth,Miller,ruth.miller14@edu.com,Male,20,91,4,95,79,68,7,85.7
1284,Gregory,Davis,gregory.davis90@edu.com,Female,20,62,21,80,72,58,10,100.0
1285,Joseph,Bernard,joseph.bernard62@edu.com,Female,21,74,24,76,73,45,3,93.9
1286,Lee,Newton,lee.newton24@edu.com,Female,20,94,10,99,91,67,10,100.0
1287,Melissa,Johnson,melissa.johnson33@edu.com,Female,20,68,7,55,97,54,8,74.89
1288,Amy,Ramirez,amy.ramirez38@edu.com,Male,19,81,23,33,90,86,9,91.3
1289,Todd,Hernandez,todd.hernandez15@edu.com,Male,22,77,6,54,80,68,8,78.26
1290,Alexis,Boyd,alexis.boyd51@edu.com,Male,21,61,4,94,63,83,0,82.33
1291,Thomas,Frost,thomas.frost92@edu.com,Male,18,85,11,73,92,58,8,91.52
1292,Brianna,Trujillo,brianna.trujillo19@edu.com,Male,20,73,22,60,93,54,0,93.18
1293,Darlene,Robinson,darlene.robinson67@edu.com,Male,22,66,5,36,88,59,9,65.46
1294,Zachary,Carney,zachary.carney97@edu.com,Male,19,70,23,38,40,91,5,77.05
1295,Amy,Pham,amy.pham6@edu.com,Male,19,82,2,34,80,48,1,53.36
1296,Crystal,Cherry,crystal.cherry85@edu.com,Female,19,85,13,80,71,39,8,84.45
1297,Kristen,Nunez,kristen.nunez21@edu.com,Female,19,94,1,73,89,76,7,85.27
1298,Stephen,Underwood,stephen.underwood1@edu.com,Female,21,85,7,68,47,58,7,72.61
1299,Nathan,Jones,nathan.jones94@edu.com,Female,20,93,2,37,40,79,9,55.28
1300,Timothy,Brown,timothy.brown17@edu.com,Male,18,64,12,95,85,78,3,100.0
1301,Brooke,Dickerson,brooke.dickerson56@edu.com,Male,19,96,8,60,88,59,1,78.28
1302,Bridget,Bell,bridget.bell60@edu.com,Female,22,100,6,70,59,91,3,79.43
1303,Jacob,Rodgers,jacob.rodgers81@edu.com,Female,22,81,10,75,70,75,3,81.02
1304,Kelly,Turner,kelly.turner5@edu.com,Male,20,94,0,93,63,59,7,80.64
1305,Daniel,Jenkins,daniel.jenkins37@edu.com,Female,22,86,16,95,70,70,2,100.0
1306,Joel,Gates,joel.gates14@edu.com,Female,19,96,2,87,40,32,5,67.38
1307,Ryan,Walker,ryan.walker3@edu.com,Female,20,93,24,52,68,33,3,78.18
1308,Roy,Mitchell,roy.mitchell64@edu.com,Female,20,73,18,40,93,62,1,82.4
1309,James,Rosales,james.rosales54@edu.com,Male,20,77,6,97,91,57,6,92.86
1310,James,Roth,james.roth9@edu.com,Male,22,73,15,97,52,74,4,91.93
1311,Erik,Ho,erik.ho55@edu.com,Female,20,93,9,83,74,77,7,88.12
1312,Nicole,Jennings,nicole.jennings41@edu.com,Female,19,82,9,60,69,95,3,75.79
1313,Jacob,Guerra,jacob.guerra13@edu.com,Male,19,85,17,65,100,69,4,91.4
1314,Jessica,Hays,jessica.hays42@edu.com,Female,18,82,3,68,94,64,3,74.8
1315,Gordon,Foster,gordon.foster96@edu.com,Female,19,76,14,95,90,85,1,100.0
1316,Kayla,Baker,kayla.baker29@edu.com,Male,19,85,23,74,52,45,9,90.94
1317,Scott,Lopez,scott.lopez49@edu.com,Male,19,80,3,81,98,81,5,94.17
1318,Kathy,Riddle,kathy.riddle85@edu.com,Male,18,88,18,40,91,30,9,78.41
1319,Cassandra,Vaughan,cassandra.vaughan11@edu.com,Female,20,85,18,73,88,95,0,100.0
1320,April,Valencia,april.valencia44@edu.com,Male,22,79,6,49,95,59,0,77.9
1321,Anthony,Clay,anthony.clay84@edu.com,Male,21,60,12,33,45,77,1,63.13
1322,Jeffrey,Spears,jeffrey.spears10@edu.com,Female,19,64,19,71,87,41,0,90.46
1323,Cynthia,Hughes,cynthia.hughes89@edu.com,Male,21,68,24,84,73,51,1,95.47
1324,Heather,Martin,heather.martin91@edu.com,Female,18,72,12,95,60,80,1,93.21
1325,Darren,Walker,darren.walker13@edu.com,Female,18,88,4,45,85,34,0,62.77
1326,Charles,Watson,charles.watson86@edu.com,Male,19,73,18,82,80,60,8,100.0
1327,Andrew,Morris,andrew.morris70@edu.com,Male,20,83,13,91,47,48,5,81.19
1328,Christopher,Pierce,christopher.pierce9@edu.com,Female,22,99,11,38,95,65,8,84.53
1329,Robert,Clark,robert.clark85@edu.com,Female,20,99,11,99,96,73,7,100.0
1330,Daniel,Edwards,daniel.edwards60@edu.com,Male,20,67,6,33,75,59,6,61.73
1331,Jonathan,Whitehead,jonathan.whitehead27@edu.com,Male,21,83,5,70,80,93,4,86.13
1332,James,Rodriguez,james.rodriguez16@edu.com,Male,21,66,20,61,77,45,6,80.13
1333,David,Smith,david.smith10@edu.com,Female,20,82,12,63,74,89,1,85.75
1334,Matthew,Miller,matthew.miller42@edu.com,Female,22,88,1,88,50,74,6,71.64
1335,Walter,Johnson,walter.johnson16@edu.com,Male,18,95,18,62,59,60,1,74.02
1336,Tanner,Costa,tanner.costa35@edu.com,Male,21,67,18,43,46,60,1,63.31
1337,Angela,Marsh,angela.marsh2@edu.com,Female,22,77,8,30,71,75,6,62.53
1338,Sharon,Parker,sharon.parker25@edu.com,Female,22,79,22,50,79,36,0,78.33
1339,Amanda,White,amanda.white53@edu.com,Female,19,74,9,68,83,51,1,86.2
1340,Samuel,Harris,samuel.harris87@edu.com,Male,22,93,7,57,78,62,2,71.67
1341,Danielle,Smith,danielle.smith25@edu.com,Female,19,83,0,65,42,88,8,62.81
1342,Michelle,Gross,michelle.gross35@edu.com,Male,21,73,8,90,61,85,7,83.54
1343,Karen,Brock,karen.brock28@edu.com,Male,21,94,21,36,75,35,3,72.64
1344,Ryan,Vasquez,ryan.vasquez26@edu.com,Female,22,95,21,47,93,91,9,96.25
1345,Tracy,Villegas,tracy.villegas60@edu.com,Female,18,67,13,33,95,34,2,73.94
1346,Brad,Thomas,brad.thomas97@edu.com,Male,20,80,1,62,56,60,9,64.86
1347,Kyle,Thompson,kyle.thompson38@edu.com,Female,22,91,16,78,72,43,8,90.89
1348,Travis,Davis,travis.davis95@edu.com,Male,20,87,1,45,42,78,0,51.22
1349,Deborah,Kent,deborah.kent26@edu.com,Female,21,100,0,84,51,81,7,74.74
1350,Benjamin,Martinez,benjamin.martinez95@edu.com,Female,19,70,22,50,68,91,7,89.05
1351,Nicholas,Perkins,nicholas.perkins57@edu.com,Male,18,82,3,45,86,95,3,75.61
1352,Christina,Howard,christina.howard68@edu.com,Female,19,91,21,62,92,61,0,100.0
1353,Misty,Henson,misty.henson49@edu.com,Male,20,100,16,95,59,36,6,92.64
1354,Maria,Moore,maria.moore32@edu.com,Female,21,99,24,93,96,39,2,100.0
1355,Derrick,Schultz,derrick.schultz53@edu.com,Male,20,78,19,87,74,78,3,100.0
1356,Amanda,Davis,amanda.davis40@edu.com,Male,18,72,21,89,65,76,8,96.2
1357,Bradley,Marshall,bradley.marshall47@edu.com,Female,18,78,8,80,92,74,9,92.83
1358,Cynthia,Anderson,cynthia.anderson40@edu.com,Female,20,76,16,63,90,92,6,94.99
1359,Samantha,Lawson,samantha.lawson14@edu.com,Female,19,80,2,47,57,83,6,66.22
1360,Frances,Harrington,frances.harrington55@edu.com,Male,18,94,24,73,68,72,2,98.34
1361,Laura,Woodward,laura.woodward26@edu.com,Female,22,75,24,45,87,82,0,90.41
1362,Michael,Williams,michael.williams98@edu.com,Female,19,71,7,38,57,53,0,60.0
1363,Anthony,Peck,anthony.peck32@edu.com,Female,19,89,3,91,59,82,6,79.41
1364,Robyn,Crawford,robyn.crawford24@edu.com,Female,18,63,24,85,47,64,1,88.12
1365,Kara,Neal,kara.neal97@edu.com,Female,20,66,3,47,94,59,1,68.53
1366,Mary,Cruz,mary.cruz74@edu.com,Male,22,96,1,98,87,69,9,93.33
1367,Colleen,Perry,colleen.perry72@edu.com,Male,20,63,11,61,53,92,5,78.25
1368,Karen,Lewis,karen.lewis72@edu.com,Male,21,82,22,67,68,53,0,87.12
1369,Terri,Gross,terri.gross87@edu.com,Female,18,88,2,94,88,32,4,82.49
1370,Steven,Mccoy,steven.mccoy26@edu.com,Male,20,87,5,39,69,50,2,62.31
1371,Christine,Townsend,christine.townsend56@edu.com,Female,20,68,24,81,84,77,7,100.0
1372,Shannon,Ochoa,shannon.ochoa34@edu.com,Female,19,82,1,65,65,93,10,76.69
1373,Allison,Berg,allison.berg90@edu.com,Female,20,64,14,85,76,90,4,94.38
1374,Christopher,Romero,christopher.romero10@edu.com,Male,20,69,23,47,70,81,4,88.92
1375,Kimberly,Brown,kimberly.brown41@edu.com,Female,19,93,22,53,59,53,2,78.03
1376,Jeffrey,Taylor,jeffrey.taylor42@edu.com,Male,18,95,19,66,97,58,1,94.12
1377,Richard,Anderson,richard.anderson70@edu.com,Female,20,74,17,90,100,45,3,98.31
1378,Justin,Velasquez,justin.velasquez93@edu.com,Female,20,74,6,47,78,91,5,76.06
1379,Brendan,Vega,brendan.vega86@edu.com,Female,20,92,4,58,95,58,0,76.27
1380,Teresa,Fry,teresa.fry93@edu.com,Female,19,70,14,72,91,61,1,95.62
1381,Dylan,Stephens,dylan.stephens50@edu.com,Female,21,86,4,95,88,95,6,98.76
1382,Mitchell,Jackson,mitchell.jackson9@edu.com,Female,22,70,19,100,40,83,5,97.82
1383,Jill,White,jill.white77@edu.com,Male,22,67,1,99,60,94,3,79.13
1384,Michael,Deleon,michael.deleon31@edu.com,Male,21,77,7,35,79,39,10,64.94
1385,Sarah,Williams,sarah.williams14@edu.com,Female,20,67,22,83,49,46,9,89.91
1386,James,Nunez,james.nunez82@edu.com,Female,20,61,16,95,99,40,2,92.83
1387,Melanie,Kemp,melanie.kemp9@edu.com,Male,18,69,1,32,78,95,0,59.31
1388,Manuel,Maldonado,manuel.maldonado78@edu.com,Female,22,65,15,37,86,66,3,75.33
1389,Margaret,Freeman,margaret.freeman28@edu.com,Male,19,89,24,37,92,37,1,84.18
1390,Hayley,Galvan,hayley.galvan12@edu.com,Female,22,85,4,41,78,88,2,66.63
1391,Christine,Carter,christine.carter80@edu.com,Male,20,92,23,38,61,45,6,78.44
1392,Jeremy,Quinn,jeremy.quinn38@edu.com,Female,19,64,10,88,49,91,5,88.42
1393,Robert,Hudson,robert.hudson89@edu.com,Male,20,83,0,65,58,92,5,75.22
1394,Robert,Giles,robert.giles37@edu.com,Female,18,93,23,96,45,80,4,100.0
1395,Jessica,Morris,jessica.morris31@edu.com,Female,20,92,23,86,88,30,10,100.0
1396,John,Meadows,john.meadows3@edu.com,Male,22,89,21,43,65,46,9,80.23
1397,David,Rodgers,david.rodgers57@edu.com,Male,18,69,9,70,85,66,0,82.03
1398,Samuel,Sanchez,samuel.sanchez96@edu.com,Female,21,69,24,73,67,87,7,99.53
1399,Brittany,Evans,brittany.evans97@edu.com,Male,21,97,18,76,56,35,0,80.12
1400,Debra,Davila,debra.davila16@edu.com,Female,20,73,9,45,55,83,9,73.52
1401,Benjamin,Poole,benjamin.poole81@edu.com,Male,22,80,24,91,81,55,8,100.0
1402,Timothy,Brown,timothy.brown54@edu.com,Female,22,86,1,39,82,81,7,69.3
1403,Timothy,Ball,timothy.ball62@edu.com,Male,19,92,21,85,58,36,4,87.72
1404,Bryan,Harper,bryan.harper27@edu.com,Female,19,74,22,91,61,39,0,95.63
1405,Michael,Terry,michael.terry64@edu.com,Male,21,71,13,58,88,65,9,82.18
1406,Natalie,Reed,natalie.reed19@edu.com,Male,20,93,0,34,49,64,6,55.92
1407,Jill,Mccoy,jill.mccoy74@edu.com,Male,20,83,4,52,64,55,9,64.77
1408,Jeffery,Reese,jeffery.reese29@edu.com,Female,19,86,8,48,43,89,6,72.48
1409,Steven,Green,steven.green39@edu.com,Female,19,89,3,53,65,57,9,67.13
1410,Angela,Costa,angela.costa46@edu.com,Female,21,90,18,92,68,52,9,95.52
1411,Cory,Williams,cory.williams19@edu.com,Male,18,93,2,33,79,42,4,53.74
1412,Amanda,Sullivan,amanda.sullivan68@edu.com,Female,18,98,12,62,91,64,2,86.65
1413,Ashley,Goodman,ashley.goodman95@edu.com,Female,21,70,8,97,64,33,1,81.99
1414,Shannon,Rojas,shannon.rojas64@edu.com,Male,22,84,22,77,43,95,9,93.76
1415,Darlene,Swanson,darlene.swanson81@edu.com,Female,21,88,6,79,99,82,2,97.14
1416,Tina,White,tina.white47@edu.com,Female,18,77,5,90,60,72,2,81.07
1417,Richard,Pierce,richard.pierce95@edu.com,Male,20,62,7,98,74,55,4,82.34
1418,Dominic,Casey,dominic.casey78@edu.com,Female,21,82,3,34,79,78,5,67.32
1419,Samantha,Atkins,samantha.atkins71@edu.com,Male,21,94,15,33,62,43,9,66.07
1420,Erica,Harris,erica.harris6@edu.com,Female,19,93,16,95,62,73,6,96.9
1421,Laura,Blair,laura.blair92@edu.com,Male,18,70,2,79,46,89,3,71.5
1422,Kyle,Bennett,kyle.bennett60@edu.com,Male,22,63,17,72,60,70,6,89.84
1423,Robert,Snow,robert.snow71@edu.com,Female,20,95,9,37,92,33,2,65.89
1424,Brenda,Evans,brenda.evans61@edu.com,Male,19,64,21,67,78,31,6,88.5
1425,Drew,Young,drew.young23@edu.com,Male,22,62,15,75,54,79,7,88.64
1426,Johnny,Martin,johnny.martin92@edu.com,Male,22,84,22,76,88,53,9,100.0
1427,Sherri,Wheeler,sherri.wheeler25@edu.com,Male,20,92,3,43,92,47,6,70.34
1428,Brenda,Howard,brenda.howard90@edu.com,Male,20,62,17,38,72,73,3,73.76
1429,Jason,Gray,jason.gray72@edu.com,Male,19,76,21,49,82,82,8,92.09
1430,Sara,Mitchell,sara.mitchell81@edu.com,Male,19,75,4,66,67,91,8,79.8
1431,Joanne,Clark,joanne.clark59@edu.com,Male,18,65,22,49,100,39,5,93.27
1432,Emily,Jones,emily.jones48@edu.com,Male,20,92,19,92,56,62,4,97.75
1433,Christopher,Malone,christopher.malone76@edu.com,Female,20,90,18,84,44,41,3,84.38
1434,Heather,Murray,heather.murray5@edu.com,Male,21,69,22,62,94,62,1,86.86
1435,Teresa,Roach,teresa.roach37@edu.com,Male,21,85,13,31,75,67,4,72.29
1436,Kristina,Anthony,kristina.anthony19@edu.com,Female,21,82,24,52,43,35,0,75.13
1437,Jennifer,Gregory,jennifer.gregory63@edu.com,Male,18,87,20,70,76,75,8,97.36
1438,Yolanda,Murray,yolanda.murray24@edu.com,Female,21,81,18,32,80,83,8,81.85
1439,Jessica,Wells,jessica.wells99@edu.com,Male,18,97,10,84,72,35,1,82.08
1440,Angela,Miller,angela.miller67@edu.com,Female,20,90,9,73,66,88,4,88.97
1441,Brian,Meyer,brian.meyer3@edu.com,Male,21,88,23,76,92,81,3,100.0
1442,Katherine,Marshall,katherine.marshall97@edu.com,Male,22,60,11,71,47,55,1,71.21
1443,Phillip,Snyder,phillip.snyder73@edu.com,Male,21,60,24,43,58,43,6,77.4
1444,Debra,Lloyd,debra.lloyd41@edu.com,Female,20,77,10,99,61,81,7,92.18
1445,Brian,Wang,brian.wang32@edu.com,Female,22,69,7,96,72,77,6,93.66
1446,Jeff,Evans,jeff.evans55@edu.com,Female,22,82,8,93,79,52,3,89.24
1447,Paul,Cruz,paul.cruz17@edu.com,Male,18,66,6,65,55,75,4,73.21
1448,Kyle,Santos,kyle.santos57@edu.com,Female,19,67,12,57,49,78,0,71.25
1449,Richard,Odonnell,richard.odonnell19@edu.com,Female,20,95,13,73,60,85,8,84.26
1450,Ruben,Mitchell,ruben.mitchell38@edu.com,Female,18,81,4,95,91,46,4,92.54
1451,David,Williams,david.williams73@edu.com,Male,18,97,17,32,93,73,2,81.23
1452,Connie,Adams,connie.adams79@edu.com,Female,18,64,15,53,45,47,2,66.27
1453,Carla,Keith,carla.keith81@edu.com,Female,22,100,0,47,74,40,2,57.38
1454,Mia,Smith,mia.smith79@edu.com,Male,20,99,23,49,50,85,4,88.32
1455,John,Smith,john.smith74@edu.com,Male,22,97,22,81,48,73,5,94.33
1456,William,Stevenson,william.stevenson57@edu.com,Male,22,65,17,59,94,47,9,89.65
1457,Erin,Myers,erin.myers33@edu.com,Male,22,66,14,60,94,87,6,94.98
1458,Emily,Rivera,emily.rivera86@edu.com,Male,20,91,0,54,47,61,7,58.96
1459,Jonathan,Townsend,jonathan.townsend19@edu.com,Female,18,81,23,46,84,57,4,84.35
1460,Jake,Mccann,jake.mccann7@edu.com,Male,22,97,22,66,62,40,9,87.23
1461,Caroline,Ford,caroline.ford77@edu.com,Male,20,68,12,71,90,74,4,88.46
1462,Michelle,Hawkins,michelle.hawkins13@edu.com,Male,22,92,9,50,43,82,6,67.07
1463,Joshua,Kennedy,joshua.kennedy78@edu.com,Female,20,64,14,85,61,53,4,85.4
1464,Fred,Fisher,fred.fisher48@edu.com,Female,18,76,8,99,60,51,0,82.06
1465,Melanie,Ford,melanie.ford22@edu.com,Male,22,64,4,38,99,37,1,58.02
1466,Denise,Cervantes,denise.cervantes44@edu.com,Female,18,73,4,87,87,95,5,92.36
1467,Rachel,Ibarra,rachel.ibarra72@edu.com,Female,20,91,4,39,86,71,5,71.79
1468,Todd,Lopez,todd.lopez72@edu.com,Male,19,62,17,41,100,50,4,80.61
1469,Kenneth,Gray,kenneth.gray84@edu.com,Female,19,73,12,47,54,65,8,69.25
1470,Matthew,Hebert,matthew.hebert16@edu.com,Female,20,96,22,71,62,51,5,91.58
1471,Jeffrey,Norris,jeffrey.norris2@edu.com,Male,21,65,2,65,84,84,2,73.31
1472,Cody,Harris,cody.harris33@edu.com,Male,20,68,21,67,74,46,7,87.28
1473,Stephen,Turner,stephen.turner38@edu.com,Male,19,96,4,96,59,67,0,82.09
1474,Michael,Johnson,michael.johnson45@edu.com,Female,18,81,22,89,77,53,0,100.0
1475,Daniel,Ramos,daniel.ramos2@edu.com,Female,22,68,19,49,68,92,5,85.94
1476,Lee,Mccormick,lee.mccormick63@edu.com,Female,19,71,1,62,97,49,1,70.51
1477,Andrea,Carter,andrea.carter77@edu.com,Male,22,86,16,62,45,43,6,73.45
1478,Antonio,Miller,antonio.miller49@edu.com,Female,20,86,13,90,84,57,5,97.91
1479,Rhonda,Baker,rhonda.baker83@edu.com,Male,19,62,8,34,80,33,10,61.16
1480,Anthony,Elliott,anthony.elliott81@edu.com,Male,22,79,4,60,49,30,0,53.24
1481,Jacqueline,Hernandez,jacqueline.hernandez46@edu.com,Female,20,87,3,76,97,84,7,89.34
1482,Amy,Douglas,amy.douglas29@edu.com,Female,18,61,8,31,64,66,2,58.4
1483,Richard,Mcdowell,richard.mcdowell79@edu.com,Female,22,77,10,62,46,84,3,72.31
1484,Tiffany,Powell,tiffany.powell39@edu.com,Male,21,76,20,60,64,69,2,85.56
1485,Brandon,James,brandon.james76@edu.com,Female,19,65,24,58,72,56,9,88.82
1486,Shelly,Garcia,shelly.garcia26@edu.com,Male,21,69,16,45,41,72,2,70.04
1487,Amy,Reynolds,amy.reynolds53@edu.com,Female,22,96,2,73,74,37,9,72.94
1488,Meredith,Weeks,meredith.weeks66@edu.com,Male,22,85,10,31,65,53,1,60.86
1489,Steven,Rivera,steven.rivera44@edu.com,Female,18,61,9,84,44,50,7,72.01
1490,Samantha,Gonzales,samantha.gonzales85@edu.com,Male,19,73,20,61,54,86,5,86.62
1491,Danielle,Bradley,danielle.bradley48@edu.com,Female,22,82,5,85,67,60,2,82.47
1492,Monica,Herman,monica.herman91@edu.com,Male,19,89,13,91,63,55,2,89.45
1493,Jill,Le,jill.le68@edu.com,Female,20,79,14,54,49,87,0,80.59
1494,Tammy,Schaefer,tammy.schaefer98@edu.com,Female,22,84,2,57,43,84,0,62.42
1495,John,Parrish,john.parrish17@edu.com,Female,18,60,22,96,64,92,10,100.0
1496,Melanie,Frost,melanie.frost10@edu.com,Female,21,68,0,86,81,77,6,84.39
1497,Lisa,Gregory,lisa.gregory23@edu.com,Male,22,76,23,83,53,46,4,87.78
1498,Benjamin,Nelson,benjamin.nelson64@edu.com,Female,18,62,5,50,87,55,4,67.24
1499,Ashley,Diaz,ashley.diaz86@edu.com,Female,20,96,8,60,82,85,4,84.15
1500,Matthew,Davis,matthew.davis54@edu.com,Female,22,64,5,41,57,34,3,51.9
1501,Jacqueline,Meza,jacqueline.meza51@edu.com,Male,18,99,0,87,41,66,9,78.51
1502,Benjamin,Walker,benjamin.walker96@edu.com,Male,21,96,6,35,41,62,7,58.47
1503,Joshua,Blake,joshua.blake73@edu.com,Female,18,88,16,76,46,90,4,87.44
1504,Brian,Parker,brian.parker33@edu.com,Male,22,78,9,76,98,40,10,86.17
1505,Kenneth,Banks,kenneth.banks95@edu.com,Male,21,83,2,60,78,44,3,70.27
1506,Danny,Hawkins,danny.hawkins29@edu.com,Male,18,97,13,50,98,51,5,85.74
1507,Jeffrey,Yang,jeffrey.yang71@edu.com,Female,18,64,23,46,75,30,2,79.4
1508,Larry,Smith,larry.smith21@edu.com,Male,20,64,17,41,46,95,5,72.8
1509,Gary,Snyder,gary.snyder83@edu.com,Male,20,61,1,50,46,33,5,51.76
1510,Nicole,Patterson,nicole.patterson36@edu.com,Female,21,81,18,72,74,36,5,83.52
1511,Breanna,Frederick,breanna.frederick37@edu.com,Male,19,72,16,56,47,56,0,72.92
1512,Cameron,Smith,cameron.smith95@edu.com,Female,18,62,13,64,90,65,0,81.48
1513,Pamela,Evans,pamela.evans8@edu.com,Female,22,97,19,41,43,67,3,72.99
1514,Judith,Armstrong,judith.armstrong30@edu.com,Male,18,60,17,57,64,31,5,70.31
1515,Tony,Rivas,tony.rivas71@edu.com,Female,21,93,0,62,48,35,4,56.51
1516,Adam,Leon,adam.leon81@edu.com,Female,19,72,13,89,91,81,1,96.51
1517,Lindsay,Berry,lindsay.berry94@edu.com,Female,21,75,11,49,96,51,5,78.6
1518,Lisa,Perez,lisa.perez15@edu.com,Female,22,72,21,81,82,59,5,96.28
1519,Joseph,Howard,joseph.howard27@edu.com,Female,19,95,1,33,45,76,6,54.1
1520,Lori,Johnson,lori.johnson78@edu.com,Male,19,78,5,58,61,79,6,72.15
1521,Lindsey,Scott,lindsey.scott46@edu.com,Female,22,85,17,58,77,34,0,79.84
1522,Melissa,Scott,melissa.scott64@edu.com,Female,20,84,8,53,51,68,10,69.24
1523,Curtis,Gomez,curtis.gomez56@edu.com,Female,21,75,17,65,90,79,10,94.24
1524,Eddie,Moran,eddie.moran75@edu.com,Male,20,75,16,80,88,32,4,86.92
1525,Joshua,Huang,joshua.huang47@edu.com,Male,18,95,20,54,81,84,1,95.07
1526,Robert,Olson,robert.olson49@edu.com,Female,22,83,8,100,72,84,7,99.01
1527,Chad,Mcdonald,chad.mcdonald84@edu.com,Male,20,79,1,34,41,74,2,51.34
1528,David,Kelly,david.kelly95@edu.com,Male,21,91,11,36,46,88,8,66.16
1529,Christopher,Rodriguez,christopher.rodriguez39@edu.com,Male,20,96,6,39,41,61,1,57.32
1530,Robin,Butler,robin.butler13@edu.com,Male,21,72,24,62,99,64,9,100.0
1531,Julie,Johnson,julie.johnson41@edu.com,Female,22,88,4,79,99,33,3,79.65
1532,Rebecca,Carroll,rebecca.carroll59@edu.com,Female,18,92,10,90,77,46,0,87.56
1533,Charles,Adams,charles.adams36@edu.com,Male,20,91,8,91,98,70,1,95.24
1534,Thomas,Dudley,thomas.dudley19@edu.com,Male,22,62,23,83,70,55,8,97.9
1535,Melvin,Hill,melvin.hill77@edu.com,Male,22,67,7,62,73,31,7,64.52
1536,Abigail,Scott,abigail.scott58@edu.com,Female,22,61,17,89,86,88,9,100.0
1537,Sara,Ray,sara.ray72@edu.com,Female,18,96,16,37,47,84,9,70.73
1538,Paul,Perez,paul.perez64@edu.com,Female,21,72,17,32,75,44,10,71.56
1539,Scott,Robinson,scott.robinson18@edu.com,Male,18,100,7,47,40,45,0,55.56
1540,Kristin,Banks,kristin.banks5@edu.com,Female,18,93,5,100,95,39,0,93.02
1541,Nicholas,Perez,nicholas.perez8@edu.com,Female,22,86,17,52,66,75,9,81.63
1542,Katrina,Schroeder,katrina.schroeder98@edu.com,Male,18,95,19,37,56,57,9,75.05
1543,Anthony,Lowe,anthony.lowe59@edu.com,Male,18,100,3,78,46,85,7,76.69
1544,Joel,Mathews,joel.mathews41@edu.com,Male,19,73,17,82,50,83,10,87.3
1545,Timothy,Smith,timothy.smith95@edu.com,Male,18,66,9,37,89,54,4,65.94
1546,Joseph,Peterson,joseph.peterson80@edu.com,Male,18,96,11,59,82,77,1,82.93
1547,Nicholas,Lynch,nicholas.lynch14@edu.com,Female,21,90,20,46,85,78,5,93.09
1548,Sharon,Alexander,sharon.alexander10@edu.com,Female,20,88,23,31,74,63,8,80.22
1549,Amanda,Mcdowell,amanda.mcdowell1@edu.com,Female,21,85,11,39,72,50,9,71.84
1550,Lonnie,Le,lonnie.le99@edu.com,Female,21,82,14,73,89,81,7,98.49
1551,Donald,Dalton,donald.dalton81@edu.com,Male,21,85,8,73,54,32,4,71.57
1552,Sean,Dominguez,sean.dominguez8@edu.com,Male,19,97,10,63,83,86,4,87.08
1553,Erin,Cooper,erin.cooper79@edu.com,Female,22,83,14,84,78,57,10,98.1
1554,Amber,Li,amber.li91@edu.com,Male,22,89,22,96,45,86,7,100.0
1555,Meagan,Perez,meagan.perez81@edu.com,Female,21,89,11,99,46,85,2,89.43
1556,Nancy,Miller,nancy.miller35@edu.com,Male,18,71,4,80,58,70,2,74.31
1557,Marissa,West,marissa.west31@edu.com,Female,21,72,23,69,44,43,9,80.45
1558,Julie,Thompson,julie.thompson9@edu.com,Male,21,85,9,87,79,79,5,99.18
1559,Marcus,Jacobson,marcus.jacobson27@edu.com,Female,22,84,0,77,50,56,9,68.16
1560,Kristin,Johnson,kristin.johnson73@edu.com,Male,20,92,17,74,46,95,9,90.74
1561,Jonathan,Gilmore,jonathan.gilmore28@edu.com,Female,21,81,12,71,77,38,8,79.73
1562,James,Parrish,james.parrish16@edu.com,Male,20,99,4,43,82,39,9,63.78
1563,Samantha,Thompson,samantha.thompson75@edu.com,Male,19,93,10,51,60,66,10,74.46
1564,Nancy,Moore,nancy.moore48@edu.com,Female,18,70,16,66,44,82,3,83.16
1565,Regina,Olsen,regina.olsen41@edu.com,Male,21,88,19,69,74,71,8,94.69
1566,Kellie,Kelly,kellie.kelly20@edu.com,Male,21,61,2,75,75,50,0,68.47
1567,Kevin,Turner,kevin.turner51@edu.com,Male,20,88,17,47,77,83,6,82.8
1568,Melissa,Morse,melissa.morse27@edu.com,Male,18,97,1,69,56,75,3,64.48
1569,Christopher,Todd,christopher.todd62@edu.com,Male,21,62,4,81,46,46,10,71.95
1570,Tammy,Thompson,tammy.thompson93@edu.com,Female,20,81,5,32,85,58,0,66.3
1571,Veronica,Flores,veronica.flores67@edu.com,Female,20,69,21,31,74,53,4,78.32
1572,Zachary,Tate,zachary.tate58@edu.com,Female,22,94,12,60,83,37,7,79.34
1573,Angela,Hanson,angela.hanson8@edu.com,Male,21,68,15,41,73,91,2,82.88
1574,David,Duran,david.duran70@edu.com,Female,18,74,19,62,42,89,4,79.02
1575,Melissa,Johnson,melissa.johnson83@edu.com,Female,21,96,17,33,69,61,2,68.63
1576,Philip,Huerta,philip.huerta13@edu.com,Female,22,66,22,59,72,55,3,91.03
1577,Rodney,Marquez,rodney.marquez36@edu.com,Male,19,97,24,59,59,39,0,82.24
1578,Michael,Mitchell,michael.mitchell56@edu.com,Female,18,74,20,66,46,73,8,84.12
1579,Shawn,Wyatt,shawn.wyatt28@edu.com,Male,18,77,2,91,93,76,8,90.66
1580,Jean,Rodriguez,jean.rodriguez9@edu.com,Male,19,77,23,75,65,90,2,97.79
1581,Ralph,Pham,ralph.pham99@edu.com,Male,21,76,18,58,68,44,0,79.96
1582,Eric,Welch,eric.welch72@edu.com,Male,20,75,2,64,75,31,5,65.67
1583,Ryan,Simmons,ryan.simmons27@edu.com,Female,21,96,14,70,49,69,6,78.1
1584,Zachary,Williams,zachary.williams17@edu.com,Male,22,80,19,34,83,51,4,73.19
1585,Robert,Daniels,robert.daniels4@edu.com,Male,19,64,10,97,99,55,7,100.0
1586,Elizabeth,Short,elizabeth.short30@edu.com,Male,21,77,1,54,92,73,7,76.4
1587,Michael,Jones,michael.jones77@edu.com,Female,19,65,9,75,79,41,3,77.41
1588,Daniel,Mitchell,daniel.mitchell39@edu.com,Female,18,97,20,53,44,60,0,74.97
1589,Ethan,Zavala,ethan.zavala14@edu.com,Female,20,72,24,79,48,44,8,85.04
1590,Brianna,Jones,brianna.jones98@edu.com,Male,18,92,24,54,52,31,10,81.57
1591,Sean,Martin,sean.martin90@edu.com,Female,20,100,20,58,66,44,9,84.9
1592,Amy,Williams,amy.williams47@edu.com,Female,21,77,18,31,99,71,5,85.48
1593,Donald,Ramsey,donald.ramsey91@edu.com,Female,18,60,9,53,79,83,1,75.59
1594,Jane,Smith,jane.smith55@edu.com,Male,19,89,18,48,89,77,2,91.49
1595,Holly,Flores,holly.flores46@edu.com,Male,22,90,9,98,86,36,8,91.8
1596,Raymond,Griffith,raymond.griffith21@edu.com,Female,20,77,16,85,74,90,10,98.61
1597,Jennifer,Smith,jennifer.smith48@edu.com,Male,18,95,22,35,85,47,1,75.32
1598,Antonio,Klein,antonio.klein90@edu.com,Male,19,88,12,52,80,46,7,81.29
1599,Patricia,Black,patricia.black52@edu.com,Male,21,66,21,83,55,56,9,91.73
1600,Stephanie,Ellis,stephanie.ellis93@edu.com,Female,18,60,14,91,60,40,9,82.64
1601,Kimberly,Flores,kimberly.flores58@edu.com,Male,18,83,13,82,88,73,2,100.0
1602,Ricky,Collins,ricky.collins79@edu.com,Male,19,62,13,57,78,85,1,76.29
1603,Jennifer,Ortiz,jennifer.ortiz92@edu.com,Female,22,63,15,71,50,69,8,76.74
1604,Amy,Jackson,amy.jackson20@edu.com,Female,22,98,9,59,77,54,0,79.68
1605,Rodney,Williams,rodney.williams50@edu.com,Female,20,83,21,90,92,35,5,95.02
1606,Tyler,Lang,tyler.lang84@edu.com,Male,20,83,23,36,73,66,10,81.4
1607,Stephanie,Carroll,stephanie.carroll72@edu.com,Female,22,73,5,45,79,42,10,67.6
1608,Kathleen,Clark,kathleen.clark54@edu.com,Male,18,99,14,42,46,83,2,70.2
1609,Erica,Zimmerman,erica.zimmerman33@edu.com,Male,20,69,17,69,66,62,10,86.28
1610,Stephen,Frazier,stephen.frazier14@edu.com,Male,18,89,0,46,94,95,0,71.73
1611,Keith,Meyer,keith.meyer68@edu.com,Female,21,78,20,54,55,73,5,82.46
1612,Sara,Davis,sara.davis42@edu.com,Female,21,99,0,63,78,39,1,73.97
1613,Timothy,Adams,timothy.adams4@edu.com,Male,20,98,20,83,79,61,6,96.53
1614,Dana,Griffin,dana.griffin17@edu.com,Female,19,81,4,56,55,39,1,57.49
1615,Joanne,Velez,joanne.velez70@edu.com,Female,19,94,24,46,55,50,8,80.73
1616,John,Howard,john.howard80@edu.com,Male,22,85,21,92,52,92,5,98.97
1617,Russell,Hickman,russell.hickman79@edu.com,Male,20,77,13,54,61,68,3,75.43
1618,Carrie,Mclean,carrie.mclean6@edu.com,Female,21,94,19,100,78,86,3,100.0
1619,Morgan,Moore,morgan.moore13@edu.com,Female,20,86,14,46,45,68,3,72.27
1620,Amy,Knox,amy.knox69@edu.com,Male,19,91,12,47,42,56,4,64.15
1621,Kelsey,Green,kelsey.green28@edu.com,Female,18,60,10,71,63,60,2,78.71
1622,Thomas,Wheeler,thomas.wheeler98@edu.com,Male,20,90,10,95,52,81,5,90.57
1623,Nicolas,Welch,nicolas.welch53@edu.com,Female,21,98,9,94,100,94,5,100.0
1624,William,Cooper,william.cooper75@edu.com,Male,19,98,19,30,86,50,6,79.35
1625,Jerry,Evans,jerry.evans5@edu.com,Female,22,73,15,49,47,91,1,75.95
1626,Susan,Brown,susan.brown37@edu.com,Male,19,93,24,69,97,73,9,100.0
1627,Alexandria,Garcia,alexandria.garcia89@edu.com,Female,19,96,10,92,71,82,1,96.15
1628,Donna,Mccoy,donna.mccoy52@edu.com,Female,18,94,12,76,62,55,9,88.12
1629,Susan,Leon,susan.leon32@edu.com,Male,22,87,1,36,83,87,10,68.25
1630,Victor,Gutierrez,victor.gutierrez58@edu.com,Female,19,60,3,92,42,94,1,81.18
1631,Janet,Monroe,janet.monroe11@edu.com,Male,22,82,21,89,84,31,3,100.0
1632,Sierra,Sanchez,sierra.sanchez69@edu.com,Male,19,96,22,37,47,63,3,72.41
1633,Caroline,Warren,caroline.warren87@edu.com,Male,19,63,10,33,63,76,5,66.64
1634,Charles,Turner,charles.turner87@edu.com,Female,18,86,4,51,81,56,7,73.97
1635,Margaret,Casey,margaret.casey83@edu.com,Female,19,93,9,74,61,61,8,80.3
1636,Emily,Craig,emily.craig51@edu.com,Male,18,67,5,47,99,76,3,75.63
1637,Lisa,Hall,lisa.hall69@edu.com,Female,21,76,5,60,96,57,9,80.31
1638,Adam,Roberson,adam.roberson42@edu.com,Female,20,95,22,52,63,73,9,93.79
1639,Paul,Holland,paul.holland98@edu.com,Male,19,69,22,33,78,54,0,73.58
1640,Gabriel,Moore,gabriel.moore33@edu.com,Male,20,97,20,84,58,46,9,91.39
1641,James,Bryan,james.bryan74@edu.com,Male,21,74,10,52,47,39,3,59.55
1642,Gloria,Freeman,gloria.freeman53@edu.com,Male,19,63,21,100,91,33,2,100.0
1643,Holly,Oconnell,holly.oconnell56@edu.com,Male,19,71,11,86,70,84,10,93.5
1644,Benjamin,Haynes,benjamin.haynes41@edu.com,Male,19,86,15,97,85,68,0,100.0
1645,Jennifer,Sampson,jennifer.sampson61@edu.com,Female,21,86,12,80,63,72,7,90.65
1646,Tammie,Roberts,tammie.roberts92@edu.com,Female,21,73,0,97,100,66,0,88.86
1647,Jon,Taylor,jon.taylor99@edu.com,Male,18,73,11,57,91,74,5,86.49
1648,Ronnie,Green,ronnie.green42@edu.com,Male,18,98,19,67,49,57,10,83.28
1649,Jay,Hardy,jay.hardy63@edu.com,Male,20,85,16,30,52,48,9,66.88
1650,Jessica,Green,jessica.green48@edu.com,Male,20,73,0,64,85,86,8,79.44
1651,Jamie,Carter,jamie.carter27@edu.com,Male,21,90,24,77,94,85,7,100.0
1652,Jessica,Mcgee,jessica.mcgee59@edu.com,Female,21,82,21,30,67,61,6,82.5
1653,Beverly,Johnson,beverly.johnson91@edu.com,Female,21,91,17,46,55,64,4,70.38
1654,Robert,Mcmahon,robert.mcmahon71@edu.com,Female,20,86,12,38,58,53,10,69.83
1655,Joseph,Fisher,joseph.fisher50@edu.com,Male,22,66,6,49,67,73,7,74.95
1656,Aaron,Scott,aaron.scott91@edu.com,Female,19,92,5,37,63,30,6,52.73
1657,James,Miller,james.miller58@edu.com,Female,21,76,8,68,57,84,9,79.03
1658,Rebecca,Swanson,rebecca.swanson84@edu.com,Male,20,85,20,36,91,78,2,89.75
1659,Jon,Mejia,jon.mejia6@edu.com,Male,18,83,23,78,92,55,6,99.94
1660,Amber,Austin,amber.austin66@edu.com,Female,21,92,17,84,61,33,8,84.91
1661,Mason,Valentine,mason.valentine78@edu.com,Female,21,69,19,51,40,60,10,70.74
1662,Robert,Walker,robert.walker38@edu.com,Female,18,98,19,93,96,43,0,100.0
1663,Colleen,Gray,colleen.gray49@edu.com,Male,20,69,4,69,69,51,5,68.52
1664,Francisco,Jacobson,francisco.jacobson27@edu.com,Female,19,77,15,86,50,53,10,84.26
1665,Daniel,Nunez,daniel.nunez16@edu.com,Male,21,68,2,78,94,61,5,81.85
1666,Julia,Simpson,julia.simpson65@edu.com,Male,19,75,10,31,63,39,9,59.65
1667,Bradley,Sanchez,bradley.sanchez73@edu.com,Male,18,91,21,30,74,54,9,75.36
1668,Sarah,Osborne,sarah.osborne74@edu.com,Male,22,91,3,57,93,91,9,84.53
1669,Robert,Moore,robert.moore48@edu.com,Female,19,71,0,48,76,49,0,59.65
1670,Martin,Mason,martin.mason95@edu.com,Female,20,85,18,92,86,85,7,100.0
1671,Ashley,Phelps,ashley.phelps21@edu.com,Male,22,74,15,98,60,82,9,100.0
1672,Matthew,Freeman,matthew.freeman2@edu.com,Male,22,91,11,82,46,75,3,81.19
1673,Thomas,Wright,thomas.wright93@edu.com,Female,19,61,6,81,95,39,5,83.07
1674,David,Montgomery,david.montgomery6@edu.com,Male,19,90,23,100,52,45,2,96.85
1675,Melissa,Arnold,melissa.arnold53@edu.com,Male,19,73,10,50,71,85,1,76.22
1676,Dennis,Smith,dennis.smith63@edu.com,Male,20,89,21,68,74,84,10,97.12
1677,Kenneth,Solomon,kenneth.solomon96@edu.com,Male,19,73,20,43,42,59,2,74.88
1678,Madeline,Lawrence,madeline.lawrence36@edu.com,Female,20,96,13,76,60,69,1,86.58
1679,Kendra,Hill,kendra.hill46@edu.com,Female,21,83,14,99,58,34,9,87.16
1680,Steven,Walsh,steven.walsh88@edu.com,Male,19,93,16,32,43,31,0,53.77
1681,Briana,Harris,briana.harris51@edu.com,Female,22,60,19,48,70,80,5,87.69
1682,Adrian,West,adrian.west37@edu.com,Female,19,62,15,94,75,48,5,94.91
1683,Shari,Schroeder,shari.schroeder64@edu.com,Male,18,70,3,93,61,44,3,80.14
1684,Amy,Miller,amy.miller37@edu.com,Female,21,72,22,32,67,94,0,76.82
1685,Belinda,Cox,belinda.cox26@edu.com,Female,19,83,19,92,79,93,5,100.0
1686,Stephanie,Hicks,stephanie.hicks69@edu.com,Female,21,96,19,90,82,58,2,100.0
1687,Erik,Cochran,erik.cochran75@edu.com,Male,18,85,14,80,80,71,9,92.03
1688,Brandon,Martinez,brandon.martinez87@edu.com,Female,19,61,9,87,99,93,1,95.27
1689,Sarah,Smith,sarah.smith13@edu.com,Male,22,62,21,74,48,30,8,79.1
1690,Joyce,Mcmillan,joyce.mcmillan46@edu.com,Female,22,79,21,89,92,48,7,100.0
1691,Linda,Diaz,linda.diaz74@edu.com,Female,21,98,8,46,95,65,3,83.14
1692,Dennis,Rice,dennis.rice2@edu.com,Female,20,76,12,58,78,94,5,86.43
1693,William,White,william.white93@edu.com,Female,22,78,7,100,78,66,3,89.38
1694,Matthew,Cohen,matthew.cohen66@edu.com,Female,19,99,5,52,46,89,3,70.08
1695,Kristina,Bailey,kristina.bailey89@edu.com,Male,21,82,24,31,85,47,3,79.28
1696,Shari,Snyder,shari.snyder52@edu.com,Female,21,70,19,69,99,75,0,99.54
1697,Kristen,Cox,kristen.cox85@edu.com,Male,20,75,20,81,88,42,4,96.86
1698,Dennis,Henderson,dennis.henderson78@edu.com,Female,20,70,4,99,52,64,8,80.83
1699,Daniel,Luna,daniel.luna63@edu.com,Male,20,87,0,77,86,84,10,80.97
1700,Robin,Gutierrez,robin.gutierrez61@edu.com,Male,20,82,23,78,73,66,4,96.04
1701,Adam,Hardy,adam.hardy14@edu.com,Male,18,83,4,33,52,64,7,56.86
1702,Brandon,Molina,brandon.molina1@edu.com,Female,21,67,9,55,45,62,10,69.0
1703,Benjamin,Taylor,benjamin.taylor78@edu.com,Male,18,88,2,43,60,76,9,62.98
1704,Nicholas,Anderson,nicholas.anderson42@edu.com,Female,18,97,20,87,85,66,6,100.0
1705,Brenda,Byrd,brenda.byrd99@edu.com,Male,19,62,15,69,90,64,2,85.91
1706,Kevin,Rodriguez,kevin.rodriguez44@edu.com,Female,20,94,12,53,58,48,6,74.03
1707,Tammy,Delgado,tammy.delgado58@edu.com,Female,19,75,14,70,62,52,8,83.81
1708,James,Mills,james.mills65@edu.com,Female,18,84,9,39,44,46,0,57.08
1709,Karen,White,karen.white76@edu.com,Female,21,72,3,94,91,93,2,95.01
1710,Jack,Gonzalez,jack.gonzalez64@edu.com,Male,18,72,5,75,96,87,9,93.48
1711,Rebecca,Gordon,rebecca.gordon23@edu.com,Female,19,85,0,96,65,92,5,80.31
1712,Justin,Hunt,justin.hunt89@edu.com,Female,18,98,13,95,51,87,2,98.27
1713,Courtney,Nichols,courtney.nichols42@edu.com,Female,18,73,0,31,59,45,8,49.68
1714,Colleen,Summers,colleen.summers83@edu.com,Female,21,71,20,80,100,71,10,100.0
1715,Robert,Hicks,robert.hicks98@edu.com,Female,22,91,17,94,66,67,0,100.0
1716,Michael,Marshall,michael.marshall73@edu.com,Male,18,63,13,30,88,36,0,70.54
1717,James,Chambers,james.chambers67@edu.com,Male,19,87,3,51,54,75,1,63.34
1718,Roger,Lewis,roger.lewis35@edu.com,Male,22,92,23,89,42,33,7,90.37
1719,Victoria,Conley,victoria.conley83@edu.com,Male,18,62,7,35,58,46,2,51.65
1720,Keith,Reeves,keith.reeves28@edu.com,Male,18,67,2,59,72,73,1,66.63
1721,Joseph,Smith,joseph.smith49@edu.com,Female,18,91,8,69,79,35,7,82.92
1722,David,King,david.king35@edu.com,Male,19,66,6,39,47,49,7,50.92
1723,James,Marshall,james.marshall47@edu.com,Male,19,88,11,96,73,75,8,100.0
1724,Angela,Clark,angela.clark67@edu.com,Female,20,82,3,67,67,53,5,74.06
1725,George,Hawkins,george.hawkins66@edu.com,Male,18,82,8,68,51,55,7,73.01
1726,Jacqueline,Jones,jacqueline.jones27@edu.com,Male,18,74,16,73,68,68,5,92.14
1727,Angela,Hamilton,angela.hamilton93@edu.com,Female,20,77,12,60,77,43,3,76.17
1728,Gabriella,Miller,gabriella.miller21@edu.com,Female,22,79,8,47,60,44,5,64.7
1729,Marvin,Reed,marvin.reed97@edu.com,Male,19,79,6,64,66,51,7,70.99
1730,Michael,Young,michael.young93@edu.com,Female,21,65,22,69,56,72,1,87.39
1731,Michelle,Marquez,michelle.marquez22@edu.com,Male,22,61,23,59,80,73,3,91.65
1732,Timothy,Brown,timothy.brown23@edu.com,Male,20,84,17,67,67,67,9,93.05
1733,Jonathan,Gray,jonathan.gray3@edu.com,Female,18,92,16,58,65,85,3,89.56
1734,Ryan,Gonzales,ryan.gonzales35@edu.com,Female,21,100,21,57,54,38,9,83.44
1735,Kendra,Ball,kendra.ball68@edu.com,Female,22,67,24,39,64,35,8,74.26
1736,Jack,Moore,jack.moore64@edu.com,Male,22,81,9,31,42,41,8,51.24
1737,Alexander,Adams,alexander.adams51@edu.com,Male,21,72,17,57,84,92,3,94.03
1738,Katherine,Paul,katherine.paul66@edu.com,Male,21,76,6,93,47,71,3,80.96
1739,Kelly,Hernandez,kelly.hernandez92@edu.com,Female,19,74,18,46,49,93,9,79.33
1740,April,Booth,april.booth22@edu.com,Female,21,69,24,82,86,46,2,96.28
1741,Scott,Sutton,scott.sutton16@edu.com,Female,18,66,13,85,79,36,4,84.81
1742,Sherry,Fields,sherry.fields20@edu.com,Female,22,89,7,58,100,69,8,77.95
1743,Colton,Shelton,colton.shelton35@edu.com,Female,22,60,14,62,71,31,4,75.46
1744,Andrea,Campbell,andrea.campbell28@edu.com,Female,20,73,12,91,52,72,0,90.33
1745,Bonnie,Baxter,bonnie.baxter7@edu.com,Female,20,63,6,43,40,72,7,52.19
1746,Joshua,Parker,joshua.parker10@edu.com,Male,22,62,11,55,68,32,4,64.4
1747,David,Allen,david.allen58@edu.com,Male,18,95,3,61,95,89,4,89.13
1748,Robert,Deleon,robert.deleon76@edu.com,Female,21,65,23,64,96,66,4,99.92
1749,Chelsea,Gutierrez,chelsea.gutierrez89@edu.com,Male,21,93,4,52,94,52,8,73.35
1750,Kenneth,Stevens,kenneth.stevens57@edu.com,Female,22,66,5,37,64,71,8,63.96
1751,Amber,Macdonald,amber.macdonald52@edu.com,Male,20,99,21,44,79,93,1,89.97
1752,Eric,Gonzales,eric.gonzales68@edu.com,Male,18,94,20,55,54,79,9,88.86
1753,Sean,Lawrence,sean.lawrence96@edu.com,Male,20,88,11,100,84,89,3,100.0
1754,Brendan,Copeland,brendan.copeland74@edu.com,Male,21,72,20,78,76,35,7,89.96
1755,Alicia,Watkins,alicia.watkins42@edu.com,Female,21,99,15,96,83,74,6,100.0
1756,Anne,Daniel,anne.daniel10@edu.com,Female,18,98,23,86,54,81,0,97.65
1757,Deborah,Meyers,deborah.meyers69@edu.com,Male,21,70,0,76,93,49,10,77.6
1758,William,Arnold,william.arnold96@edu.com,Female,21,60,18,68,81,91,0,97.58
1759,Samuel,Cruz,samuel.cruz40@edu.com,Male,22,80,20,76,73,71,10,94.84
1760,Julie,Martin,julie.martin68@edu.com,Male,19,75,6,91,71,58,3,84.1
1761,Tommy,Nguyen,tommy.nguyen53@edu.com,Male,19,93,0,44,51,70,3,53.61
1762,Heather,Davis,heather.davis61@edu.com,Female,20,100,0,82,41,93,6,80.09
1763,Austin,Hickman,austin.hickman37@edu.com,Male,18,97,10,44,82,44,2,74.45
1764,Julie,Hernandez,julie.hernandez9@edu.com,Male,18,87,11,71,63,54,4,80.43
1765,Carl,Jackson,carl.jackson20@edu.com,Male,19,100,1,74,90,45,10,84.96
1766,Andrew,Mcdonald,andrew.mcdonald17@edu.com,Male,22,96,2,97,45,42,8,74.9
1767,Paul,Bennett,paul.bennett37@edu.com,Male,20,65,20,63,100,89,0,100.0
1768,Tina,Fitzpatrick,tina.fitzpatrick15@edu.com,Male,22,60,3,80,62,49,8,68.62
1769,Jon,Griffin,jon.griffin26@edu.com,Male,21,88,17,35,90,85,7,84.51
1770,Monica,Crawford,monica.crawford15@edu.com,Female,18,83,23,99,50,58,5,96.12
1771,Jennifer,Conley,jennifer.conley40@edu.com,Female,22,70,3,79,67,39,10,74.64
1772,Melissa,Ryan,melissa.ryan99@edu.com,Male,21,82,9,92,93,76,3,99.92
1773,Christina,Garcia,christina.garcia1@edu.com,Male,20,66,17,92,68,63,8,94.47
1774,Mary,Foster,mary.foster36@edu.com,Male,21,95,16,75,48,77,3,84.34
1775,Jeffrey,King,jeffrey.king71@edu.com,Male,22,87,12,64,62,63,9,76.73
1776,Crystal,Carr,crystal.carr44@edu.com,Female,21,74,6,42,47,44,2,52.54
1777,Shane,Johnson,shane.johnson22@edu.com,Male,21,85,24,63,65,37,1,81.72
1778,Michael,Beck,michael.beck34@edu.com,Male,22,67,7,83,69,57,6,81.54
1779,Sean,Mitchell,sean.mitchell19@edu.com,Male,19,100,23,51,53,51,1,77.82
1780,Dalton,Graham,dalton.graham70@edu.com,Male,20,74,12,30,91,69,7,73.33
1781,Rachel,Butler,rachel.butler75@edu.com,Male,22,77,13,75,67,62,7,84.87
1782,Chad,Lee,chad.lee76@edu.com,Female,20,93,12,39,46,80,7,69.81
1783,Caleb,Williams,caleb.williams42@edu.com,Female,21,85,18,33,95,45,5,80.85
1784,Michael,Fuller,michael.fuller49@edu.com,Male,20,72,23,77,55,55,2,88.84
1785,Heather,Alvarez,heather.alvarez32@edu.com,Male,21,72,22,77,42,82,10,91.42
1786,Nicholas,Lambert,nicholas.lambert55@edu.com,Male,22,75,7,71,43,76,7,75.27
1787,William,Fitzgerald,william.fitzgerald63@edu.com,Male,20,65,12,37,45,92,10,70.02
1788,Joseph,Benson,joseph.benson2@edu.com,Female,22,90,5,31,69,83,8,72.11
1789,Arthur,Taylor,arthur.taylor13@edu.com,Male,22,65,5,64,88,85,3,85.17
1790,Thomas,Sims,thomas.sims71@edu.com,Female,21,95,4,35,79,78,8,70.41
1791,Laura,Colon,laura.colon54@edu.com,Male,20,80,5,66,57,39,8,67.44
1792,David,Fernandez,david.fernandez44@edu.com,Female,22,67,10,75,52,50,7,73.95
1793,Gabriel,Richards,gabriel.richards99@edu.com,Male,18,73,5,96,97,40,6,85.9
1794,Brittany,Robertson,brittany.robertson7@edu.com,Female,19,86,10,90,89,69,6,91.48
1795,Robert,Morris,robert.morris10@edu.com,Male,20,85,11,60,67,76,3,80.52
1796,Kimberly,Morgan,kimberly.morgan93@edu.com,Male,19,85,14,88,82,49,5,94.02
1797,James,Morgan,james.morgan53@edu.com,Female,22,61,15,51,42,58,2,68.88
1798,Douglas,Byrd,douglas.byrd99@edu.com,Male,18,91,17,89,94,72,6,100.0
1799,Marc,Davis,marc.davis57@edu.com,Female,21,62,1,80,91,75,4,80.8
1800,James,Leach,james.leach32@edu.com,Female,18,60,15,54,43,54,10,74.26
1801,David,Smith,david.smith16@edu.com,Male,21,75,10,78,94,72,8,94.23
1802,Kara,Hernandez,kara.hernandez84@edu.com,Female,21,87,17,89,75,63,3,100.0
1803,Isaac,Jordan,isaac.jordan67@edu.com,Female,19,64,21,68,85,45,9,96.23
1804,Justin,Campbell,justin.campbell58@edu.com,Female,20,66,14,100,87,52,7,97.17
1805,William,Wilson,william.wilson17@edu.com,Female,20,73,17,89,83,46,1,95.02
1806,Richard,Thomas,richard.thomas55@edu.com,Female,20,97,18,69,46,94,6,94.1
1807,Tracy,Montes,tracy.montes77@edu.com,Male,19,96,20,76,48,30,1,81.7
1808,Gina,Espinoza,gina.espinoza77@edu.com,Male,18,89,5,49,56,52,7,66.21
1809,William,Johnson,william.johnson99@edu.com,Male,18,78,4,72,73,94,6,81.02
1810,Theresa,Zimmerman,theresa.zimmerman1@edu.com,Female,22,64,6,47,72,68,0,71.18
1811,Natalie,Ortiz,natalie.ortiz2@edu.com,Female,21,86,23,81,49,48,10,87.52
1812,Angela,Hernandez,angela.hernandez65@edu.com,Male,21,99,4,58,43,71,3,62.72
1813,Patrick,Sanders,patrick.sanders40@edu.com,Male,20,96,7,33,68,46,10,63.17
1814,Jonathan,Barker,jonathan.barker3@edu.com,Male,20,91,19,45,41,61,5,68.68
1815,Christina,Santiago,christina.santiago54@edu.com,Male,22,79,0,68,79,56,1,71.36
1816,Douglas,Wilson,douglas.wilson25@edu.com,Male,18,97,15,65,50,33,3,71.46
1817,Stephanie,Osborne,stephanie.osborne79@edu.com,Male,20,100,20,96,94,94,5,100.0
1818,Jennifer,Dickson,jennifer.dickson53@edu.com,Male,22,91,22,39,77,77,5,91.04
1819,Rebecca,Allen,rebecca.allen24@edu.com,Male,20,97,0,47,58,63,3,58.33
1820,Casey,Acosta,casey.acosta96@edu.com,Female,19,73,2,43,94,72,8,66.42
1821,Patrick,Hill,patrick.hill5@edu.com,Male,21,86,7,84,86,76,4,95.99
1822,Marvin,Fry,marvin.fry81@edu.com,Female,22,65,4,91,62,41,4,72.32
1823,Angela,Moore,angela.moore30@edu.com,Male,21,63,4,67,43,50,2,60.79
1824,Linda,Jacobs,linda.jacobs35@edu.com,Male,20,76,2,69,55,30,8,61.78
1825,Megan,Callahan,megan.callahan27@edu.com,Female,21,74,24,46,95,30,10,88.55
1826,Tonya,Salas,tonya.salas42@edu.com,Female,21,94,7,40,47,84,8,66.44
1827,Anthony,Kennedy,anthony.kennedy14@edu.com,Male,19,100,15,48,75,56,2,78.34
1828,Heather,Morgan,heather.morgan68@edu.com,Female,20,96,1,38,59,79,10,63.41
1829,Rebecca,Johnson,rebecca.johnson76@edu.com,Male,21,96,14,75,47,73,6,82.1
1830,Valerie,Forbes,valerie.forbes56@edu.com,Male,21,98,15,84,85,32,10,93.68
1831,Michelle,Salazar,michelle.salazar65@edu.com,Male,18,89,3,48,88,62,8,74.11
1832,Mallory,French,mallory.french68@edu.com,Female,20,70,19,63,82,54,1,89.56
1833,Zachary,Dunn,zachary.dunn23@edu.com,Female,19,94,22,86,66,56,2,90.36
1834,Barbara,Adams,barbara.adams26@edu.com,Male,20,71,17,83,93,69,1,97.96
1835,Larry,Martinez,larry.martinez62@edu.com,Female,20,64,18,65,96,61,4,96.16
1836,Ethan,Wilcox,ethan.wilcox71@edu.com,Male,21,85,6,76,52,72,3,68.84
1837,Melissa,Wilson,melissa.wilson21@edu.com,Male,18,98,13,30,51,42,10,62.13
1838,Christopher,Valdez,christopher.valdez41@edu.com,Female,18,69,23,70,93,50,0,100.0
1839,Sara,Mills,sara.mills74@edu.com,Male,20,95,14,92,50,95,5,99.23
1840,Emily,Johnson,emily.johnson53@edu.com,Male,19,89,23,76,86,30,2,93.26
1841,Christopher,Ward,christopher.ward73@edu.com,Female,22,77,7,58,65,60,6,72.19
1842,Amanda,Robinson,amanda.robinson92@edu.com,Female,18,75,9,56,68,70,2,73.13
1843,Shannon,Campos,shannon.campos4@edu.com,Female,21,61,20,56,91,39,10,86.9
1844,Kenneth,Ramirez,kenneth.ramirez18@edu.com,Male,19,96,14,90,56,86,10,93.53
1845,Ryan,Flores,ryan.flores60@edu.com,Female,19,63,23,69,71,75,4,91.63
1846,Brian,Martin,brian.martin91@edu.com,Male,20,66,7,52,85,74,6,79.59
1847,Brian,Waters,brian.waters99@edu.com,Male,21,88,22,63,63,61,1,83.82
1848,Danielle,Smith,danielle.smith71@edu.com,Male,21,86,21,45,82,41,9,82.96
1849,Nicole,Robertson,nicole.robertson16@edu.com,Female,18,95,13,72,72,50,5,80.95
1850,Samantha,Stewart,samantha.stewart83@edu.com,Female,22,73,8,91,51,64,8,80.07
1851,Leonard,Hodges,leonard.hodges80@edu.com,Male,19,73,18,91,75,37,5,93.59
1852,William,Garcia,william.garcia88@edu.com,Male,20,87,14,36,85,52,2,71.11
1853,Scott,Fleming,scott.fleming87@edu.com,Female,20,93,15,44,99,50,3,81.81
1854,Scott,Hancock,scott.hancock43@edu.com,Female,20,90,16,39,94,65,1,86.91
1855,Sarah,Hudson,sarah.hudson39@edu.com,Male,20,67,22,73,95,40,10,94.58
1856,James,Sanchez,james.sanchez27@edu.com,Male,22,81,7,79,55,82,4,82.02
1857,James,Meza,james.meza44@edu.com,Female,18,83,16,38,55,79,4,74.76
1858,John,Vincent,john.vincent62@edu.com,Male,22,61,2,94,90,92,6,94.7
1859,Alexandra,Carroll,alexandra.carroll99@edu.com,Female,20,94,2,94,87,94,8,99.19
1860,Elizabeth,Thomas,elizabeth.thomas47@edu.com,Male,19,69,17,63,85,79,7,91.85
1861,Wendy,Long,wendy.long90@edu.com,Female,20,88,12,87,61,61,3,91.72
1862,Brian,Richardson,brian.richardson20@edu.com,Female,21,60,6,38,90,76,0,66.74
1863,Robert,Mack,robert.mack74@edu.com,Male,22,80,24,83,77,83,2,100.0
1864,Lindsay,Savage,lindsay.savage69@edu.com,Female,22,61,17,37,52,51,0,66.55
1865,Stephanie,Reid,stephanie.reid92@edu.com,Male,20,81,16,82,53,72,7,91.13
1866,Daniel,Roberts,daniel.roberts62@edu.com,Female,22,71,20,53,55,74,1,81.73
1867,Lindsey,Bailey,lindsey.bailey26@edu.com,Male,19,98,17,53,100,66,0,89.96
1868,Jonathan,Murray,jonathan.murray27@edu.com,Male,21,63,9,82,45,76,6,76.13
1869,Kimberly,Solis,kimberly.solis41@edu.com,Female,20,77,8,88,86,55,6,90.68
1870,Kevin,Mclaughlin,kevin.mclaughlin99@edu.com,Male,19,74,21,90,67,82,9,100.0
1871,David,Knapp,david.knapp3@edu.com,Male,20,79,6,33,51,63,0,56.85
1872,Jeanne,Andrews,jeanne.andrews18@edu.com,Male,20,93,3,78,53,51,6,72.75
1873,Zachary,Williams,zachary.williams46@edu.com,Male,18,71,6,81,45,69,8,74.27
1874,Cindy,Young,cindy.young42@edu.com,Male,22,74,8,94,85,38,2,89.31
1875,Janet,Lutz,janet.lutz51@edu.com,Female,22,95,19,59,95,78,9,96.32
1876,George,Hartman,george.hartman10@edu.com,Male,19,97,14,57,73,38,2,74.75
1877,Ryan,Anthony,ryan.anthony32@edu.com,Female,22,73,24,65,45,80,4,79.95
1878,Sarah,Lam,sarah.lam55@edu.com,Female,19,61,12,51,79,92,8,88.15
1879,Alexandra,Shea,alexandra.shea38@edu.com,Female,18,99,17,76,52,84,5,90.54
1880,Rebecca,Taylor,rebecca.taylor36@edu.com,Female,21,81,23,46,97,51,9,90.56
1881,Nicolas,Barr,nicolas.barr68@edu.com,Male,20,70,24,59,41,31,7,73.4
1882,Jillian,Tucker,jillian.tucker77@edu.com,Male,20,81,24,64,68,64,1,89.29
1883,Jason,Walls,jason.walls48@edu.com,Male,21,99,13,55,66,56,5,77.35
1884,Gail,Lawrence,gail.lawrence92@edu.com,Female,20,78,21,30,77,32,4,64.68
1885,Jerry,Barton,jerry.barton5@edu.com,Male,19,69,24,59,77,35,7,91.77
1886,Justin,Ballard,justin.ballard89@edu.com,Male,22,64,8,43,45,89,3,66.08
1887,Mark,Marshall,mark.marshall45@edu.com,Male,19,74,9,44,69,64,2,68.9
1888,Lawrence,Perkins,lawrence.perkins4@edu.com,Male,19,83,24,60,68,53,5,89.39
1889,Bradley,Fisher,bradley.fisher17@edu.com,Female,21,60,4,76,40,42,3,61.38
1890,Nicole,Garcia,nicole.garcia52@edu.com,Male,19,90,20,31,75,31,6,71.46
1891,Sheila,Meyer,sheila.meyer64@edu.com,Male,18,79,21,62,52,38,10,81.52
1892,Monica,Howard,monica.howard63@edu.com,Male,18,69,24,78,73,35,8,92.45
1893,Melissa,Scott,melissa.scott23@edu.com,Male,18,84,17,37,62,85,3,75.63
1894,Jennifer,Moore,jennifer.moore47@edu.com,Female,20,80,22,55,93,89,3,98.97
1895,Todd,Valencia,todd.valencia80@edu.com,Male,21,66,2,100,56,75,6,81.43
1896,Hayden,Barr,hayden.barr11@edu.com,Female,18,69,24,47,93,45,1,89.65
1897,Tyrone,Ford,tyrone.ford45@edu.com,Female,22,97,11,93,50,81,6,93.95
1898,John,Andrade,john.andrade47@edu.com,Female,19,75,20,88,71,54,1,89.71
1899,Jonathan,Russell,jonathan.russell86@edu.com,Female,19,99,6,53,71,85,3,76.79
1900,Michelle,George,michelle.george10@edu.com,Female,21,60,12,69,89,73,2,82.73
1901,Michael,Ortiz,michael.ortiz21@edu.com,Female,20,71,6,75,63,35,6,71.31
1902,Christopher,King,christopher.king22@edu.com,Male,22,64,17,52,66,92,0,82.33
1903,Kelsey,Mullen,kelsey.mullen75@edu.com,Male,22,99,9,100,70,80,6,100.0
1904,Linda,Marsh,linda.marsh69@edu.com,Female,21,86,3,65,89,93,4,90.37
1905,Rachel,Young,rachel.young95@edu.com,Female,21,79,15,52,90,89,9,88.63
1906,Michael,Chavez,michael.chavez58@edu.com,Male,22,88,13,77,81,54,8,88.21
1907,Benjamin,Meyer,benjamin.meyer7@edu.com,Male,20,63,24,70,67,85,5,96.56
1908,Pamela,Harrison,pamela.harrison52@edu.com,Male,18,86,1,95,44,39,5,66.84
1909,Christian,Scott,christian.scott82@edu.com,Female,19,86,0,74,69,50,1,63.31
1910,Ethan,Acosta,ethan.acosta56@edu.com,Female,20,87,4,83,76,76,6,81.94
1911,Jacob,Lewis,jacob.lewis43@edu.com,Female,18,80,11,30,89,55,6,76.13
1912,Pamela,Dawson,pamela.dawson90@edu.com,Male,22,82,22,90,40,88,2,90.95
1913,Maria,Rodriguez,maria.rodriguez46@edu.com,Male,22,66,9,87,49,89,1,83.25
1914,Timothy,Macdonald,timothy.macdonald26@edu.com,Female,19,76,20,53,62,72,7,84.69
1915,Jenna,Daniels,jenna.daniels81@edu.com,Male,21,80,6,55,82,91,2,78.63
1916,Gerald,Gonzalez,gerald.gonzalez17@edu.com,Male,18,79,3,53,75,66,1,67.22
1917,Angela,Bush,angela.bush40@edu.com,Male,19,98,8,66,73,55,1,77.45
1918,Pamela,Dunlap,pamela.dunlap97@edu.com,Male,20,89,24,48,71,87,4,94.06
1919,Rebecca,Frazier,rebecca.frazier15@edu.com,Female,20,90,22,30,61,56,7,73.23
1920,Jeffrey,Clark,jeffrey.clark7@edu.com,Male,21,65,13,80,71,82,8,90.04
1921,Arthur,Torres,arthur.torres20@edu.com,Female,20,76,5,60,82,39,10,71.3
1922,Suzanne,Wright,suzanne.wright85@edu.com,Female,22,79,21,87,60,78,8,94.17
1923,Daniel,Goodwin,daniel.goodwin33@edu.com,Male,22,80,17,51,66,80,7,82.28
1924,William,Norman,william.norman99@edu.com,Female,22,91,6,84,76,39,2,76.9
1925,William,Miranda,william.miranda63@edu.com,Female,19,77,1,97,96,67,10,93.69
1926,Maria,Williams,maria.williams73@edu.com,Male,18,66,0,90,59,48,2,71.16
1927,Amanda,Harmon,amanda.harmon67@edu.com,Female,22,93,4,36,72,30,5,60.72
1928,Ryan,Turner,ryan.turner3@edu.com,Male,22,99,23,40,59,48,4,79.02
1929,Angela,Hooper,angela.hooper49@edu.com,Female,20,89,20,94,72,50,4,97.25
1930,Lori,Davies,lori.davies16@edu.com,Male,22,73,14,98,91,78,0,100.0
1931,Michael,Owens,michael.owens45@edu.com,Male,21,79,0,37,79,48,1,54.75
1932,Joshua,Rosales,joshua.rosales68@edu.com,Male,20,63,7,52,72,49,1,65.91
1933,Justin,Jenkins,justin.jenkins62@edu.com,Male,19,79,11,66,51,86,9,84.42
1934,Desiree,Castro,desiree.castro69@edu.com,Female,20,94,0,51,66,73,5,67.04
1935,William,Cochran,william.cochran21@edu.com,Female,18,68,4,43,77,89,7,69.68
1936,Kimberly,Ramirez,kimberly.ramirez71@edu.com,Male,22,64,19,62,56,48,10,78.41
1937,Jamie,Marshall,jamie.marshall5@edu.com,Male,20,85,21,90,46,58,2,89.32
1938,Samantha,Delgado,samantha.delgado48@edu.com,Male,20,90,20,76,87,36,2,93.4
1939,Susan,Lewis,susan.lewis15@edu.com,Female,18,72,3,74,40,79,8,72.06
1940,Kristen,Tapia,kristen.tapia10@edu.com,Male,20,76,22,91,48,41,5,91.54
1941,Donna,Ortega,donna.ortega32@edu.com,Male,18,78,11,69,51,80,0,78.02
1942,Gabriel,Hall,gabriel.hall87@edu.com,Male,18,99,18,44,67,48,1,75.9
1943,Todd,Mckay,todd.mckay57@edu.com,Female,20,94,21,86,52,66,8,100.0
1944,Richard,Ray,richard.ray93@edu.com,Male,19,90,10,35,46,75,10,65.65
1945,Bethany,Smith,bethany.smith6@edu.com,Female,21,61,18,31,75,71,10,80.06
1946,Cory,Mitchell,cory.mitchell14@edu.com,Female,20,63,13,44,42,92,3,70.55
1947,Emily,Brown,emily.brown60@edu.com,Female,20,78,17,37,59,58,10,66.12
1948,Jeffery,Bray,jeffery.bray66@edu.com,Male,21,79,9,44,97,89,6,82.23
1949,Leroy,Hanson,leroy.hanson81@edu.com,Female,18,75,10,97,100,85,0,100.0
1950,Brenda,Gonzalez,brenda.gonzalez49@edu.com,Female,22,80,8,79,89,70,1,85.56
1951,Joshua,Tate,joshua.tate86@edu.com,Female,21,91,11,34,45,42,6,54.61
1952,Janet,Mcmillan,janet.mcmillan29@edu.com,Female,19,81,6,51,56,32,10,61.06
1953,Joshua,Long,joshua.long72@edu.com,Male,18,80,4,72,73,82,1,84.06
1954,Scott,Dickerson,scott.dickerson83@edu.com,Female,21,69,3,49,74,38,2,58.71
1955,Leslie,Jacobs,leslie.jacobs55@edu.com,Male,19,87,6,87,59,41,8,77.63
1956,Crystal,Santiago,crystal.santiago92@edu.com,Male,21,66,3,52,80,82,6,71.4
1957,Shannon,Johnson,shannon.johnson17@edu.com,Female,21,84,24,56,65,56,8,84.88
1958,Rebecca,Hunter,rebecca.hunter31@edu.com,Male,19,82,14,99,42,58,3,82.31
1959,Lauren,Holden,lauren.holden18@edu.com,Male,22,88,0,99,85,60,9,87.48
1960,Derrick,Montgomery,derrick.montgomery80@edu.com,Male,18,100,17,76,44,61,8,81.71
1961,George,Short,george.short13@edu.com,Female,19,87,16,74,45,66,6,82.55
1962,Abigail,Miller,abigail.miller23@edu.com,Female,20,62,6,98,64,91,8,91.77
1963,Joe,Delgado,joe.delgado31@edu.com,Male,21,86,1,49,84,76,8,68.1
1964,Katherine,Merritt,katherine.merritt27@edu.com,Male,19,76,15,100,85,72,3,100.0
1965,Jodi,Newton,jodi.newton25@edu.com,Male,18,84,14,72,74,54,8,85.58
1966,Kevin,Jones,kevin.jones56@edu.com,Female,21,91,20,42,98,37,2,87.69
1967,Andrew,Mcintosh,andrew.mcintosh18@edu.com,Female,19,88,19,93,56,37,0,88.49
1968,Victoria,Ayala,victoria.ayala23@edu.com,Female,20,92,21,58,61,56,6,85.76
1969,Christian,Reynolds,christian.reynolds6@edu.com,Female,21,77,16,89,43,30,3,78.54
1970,Dan,Hopkins,dan.hopkins28@edu.com,Female,20,61,0,35,76,70,9,61.04
1971,John,Hamilton,john.hamilton39@edu.com,Male,19,60,2,47,86,39,5,57.13
1972,Bradley,Harris,bradley.harris96@edu.com,Female,20,98,19,98,65,39,2,96.55
1973,Theresa,Mosley,theresa.mosley27@edu.com,Male,22,61,8,64,46,36,8,62.45
1974,Virginia,Garcia,virginia.garcia38@edu.com,Male,22,92,7,51,75,90,6,78.41
1975,Cesar,Ramos,cesar.ramos83@edu.com,Female,18,96,9,83,85,54,7,91.49
1976,Jody,Dean,jody.dean10@edu.com,Male,22,64,15,85,48,82,6,86.35
1977,Shelly,Alvarez,shelly.alvarez57@edu.com,Male,22,93,1,50,90,55,0,70.25
1978,Renee,Morris,renee.morris28@edu.com,Male,19,98,17,39,52,47,8,70.94
1979,David,Miranda,david.miranda42@edu.com,Male,20,66,1,40,81,46,8,60.88
1980,Christopher,Davis,christopher.davis67@edu.com,Male,18,77,0,67,94,67,7,74.81
1981,Tiffany,Silva,tiffany.silva37@edu.com,Female,20,82,18,60,100,49,8,92.51
1982,Julia,Lozano,julia.lozano25@edu.com,Male,21,65,1,51,43,56,1,51.03
1983,Kendra,Morrow,kendra.morrow40@edu.com,Female,20,66,13,83,46,43,9,75.95
1984,Heather,Bush,heather.bush58@edu.com,Female,18,96,15,93,46,67,5,97.04
1985,Brian,Edwards,brian.edwards36@edu.com,Male,21,88,8,46,100,39,4,76.35
1986,Misty,Ortiz,misty.ortiz95@edu.com,Female,18,91,3,35,52,82,0,56.37
1987,Kristen,Brown,kristen.brown36@edu.com,Male,20,91,6,92,98,61,4,89.05
1988,Margaret,Kennedy,margaret.kennedy43@edu.com,Female,22,90,19,47,82,94,7,91.31
1989,Lacey,Mercado,lacey.mercado28@edu.com,Male,19,96,23,40,76,32,10,79.38
1990,Elizabeth,Lewis,elizabeth.lewis80@edu.com,Female,22,71,21,36,86,84,7,88.08
1991,Tim,Mitchell,tim.mitchell59@edu.com,Female,19,79,20,39,64,43,7,71.29
1992,Kathy,Williams,kathy.williams17@edu.com,Male,22,86,10,34,81,56,6,70.12
1993,Donald,Taylor,donald.taylor52@edu.com,Male,19,98,10,63,58,63,8,81.63
1994,Brian,Romero,brian.romero87@edu.com,Male,22,95,22,74,64,49,0,87.3
1995,Desiree,Tucker,desiree.tucker42@edu.com,Female,21,67,23,53,77,87,1,91.16
1996,David,Martin,david.martin84@edu.com,Female,21,100,4,83,58,77,1,76.56
1997,Brenda,Gonzalez,brenda.gonzalez49@edu.com,Female,20,79,12,67,83,45,6,85.3
1998,Jeffrey,Nash,jeffrey.nash7@edu.com,Male,20,85,21,87,89,44,7,100.0
1999,Richard,Woods,richard.woods18@edu.com,Female,22,74,11,99,82,90,3,95.46
2000,Courtney,Murphy,courtney.murphy15@edu.com,Male,19,83,10,70,68,32,10,83.79
2001,Emily,Jones,emily.jones88@edu.com,Male,18,73,19,33,69,51,3,72.18
2002,Daniel,Lopez,daniel.lopez98@edu.com,Male,19,72,0,50,71,94,5,71.1
2003,Nicole,Holmes,nicole.holmes98@edu.com,Female,19,95,2,52,99,63,1,80.37
2004,Bradley,Cohen,bradley.cohen58@edu.com,Female,22,68,24,74,59,76,0,93.64
2005,Daniel,Robinson,daniel.robinson81@edu.com,Female,22,81,4,67,82,64,7,82.36
2006,Christopher,Garcia,christopher.garcia56@edu.com,Female,20,64,20,73,69,41,10,94.12
2007,Tammy,Wilson,tammy.wilson1@edu.com,Male,21,85,6,45,64,93,8,66.4
2008,Ruth,Buchanan,ruth.buchanan36@edu.com,Female,18,79,6,51,63,86,1,71.4
2009,Tyler,Lane,tyler.lane4@edu.com,Male,18,74,14,63,76,62,9,84.23
2010,Brenda,Briggs,brenda.briggs22@edu.com,Female,18,76,16,82,89,67,3,100.0
2011,Carol,King,carol.king99@edu.com,Male,21,63,21,56,90,65,2,86.26
2012,Kim,Brown,kim.brown97@edu.com,Female,19,68,17,100,47,76,4,94.98
2013,Pamela,Dawson,pamela.dawson78@edu.com,Male,19,87,12,31,52,66,7,64.99
2014,Brian,Richardson,brian.richardson16@edu.com,Male,22,81,12,63,95,58,7,88.46
2015,Kyle,Price,kyle.price66@edu.com,Male,18,84,0,60,47,41,3,47.67
2016,Patrick,Rios,patrick.rios33@edu.com,Male,20,78,19,66,71,65,1,86.98
2017,Michelle,Garcia,michelle.garcia75@edu.com,Male,21,91,0,61,83,42,1,67.08
2018,Kenneth,Rice,kenneth.rice43@edu.com,Female,21,70,22,41,70,79,4,78.13
2019,Christine,Ford,christine.ford82@edu.com,Female,21,63,16,65,80,84,9,95.05
2020,Evelyn,Sandoval,evelyn.sandoval85@edu.com,Male,19,78,24,62,85,43,10,92.93
2021,Cynthia,Lutz,cynthia.lutz99@edu.com,Female,20,99,17,74,57,62,5,89.29
2022,Nathan,Williamson,nathan.williamson8@edu.com,Male,19,71,8,88,78,74,1,87.19
2023,Brenda,Blair,brenda.blair63@edu.com,Male,18,98,18,33,50,47,5,67.82
2024,Elizabeth,Calderon,elizabeth.calderon61@edu.com,Male,20,81,1,32,83,66,9,64.67
2025,Stephanie,Sawyer,stephanie.sawyer83@edu.com,Female,19,68,21,40,87,42,8,80.72
2026,David,Phillips,david.phillips91@edu.com,Female,19,90,21,65,93,94,4,100.0
2027,Caleb,Carroll,caleb.carroll61@edu.com,Male,22,65,2,74,87,61,3,73.45
2028,Robin,Estes,robin.estes36@edu.com,Female,21,65,19,44,99,63,0,88.11
2029,Kevin,Huang,kevin.huang64@edu.com,Male,22,71,1,78,77,73,10,78.18
2030,Kristina,Garcia,kristina.garcia53@edu.com,Male,20,87,7,85,43,94,10,90.38
2031,Gerald,Miles,gerald.miles20@edu.com,Female,21,89,18,65,92,64,7,91.58
2032,Ricky,Torres,ricky.torres88@edu.com,Female,19,88,2,86,70,88,6,85.99
2033,Christopher,Rodriguez,christopher.rodriguez35@edu.com,Female,19,84,1,53,53,94,5,66.94
2034,Jonathan,Joyce,jonathan.joyce49@edu.com,Female,20,64,20,46,53,73,5,79.96
2035,Sharon,Schaefer,sharon.schaefer48@edu.com,Female,21,92,6,61,84,40,2,77.68
2036,Stephanie,Jones,stephanie.jones7@edu.com,Female,20,78,2,67,59,32,9,63.85
2037,John,Bradley,john.bradley13@edu.com,Male,21,77,19,49,79,78,10,82.57
2038,Alexander,Black,alexander.black76@edu.com,Female,21,99,13,54,95,91,7,96.76
2039,Rebecca,Callahan,rebecca.callahan90@edu.com,Female,18,90,10,68,91,65,7,86.0
2040,Oscar,Mills,oscar.mills81@edu.com,Male,22,88,21,42,89,53,2,91.36
2041,Vanessa,Vasquez,vanessa.vasquez28@edu.com,Male,20,86,5,70,75,42,6,71.88
2042,Amy,Perry,amy.perry76@edu.com,Male,21,70,12,79,51,61,7,87.59
2043,Michelle,Mcdonald,michelle.mcdonald10@edu.com,Male,19,82,15,55,63,78,5,84.41
2044,Nicholas,Knight,nicholas.knight79@edu.com,Female,19,70,16,39,48,92,7,69.02
2045,Kenneth,Tran,kenneth.tran31@edu.com,Male,22,85,12,58,100,47,1,79.31
2046,Julie,Taylor,julie.taylor4@edu.com,Male,20,96,6,41,73,73,10,71.97
2047,David,Shah,david.shah51@edu.com,Female,19,65,12,36,43,69,2,57.69
2048,Jordan,Campbell,jordan.campbell80@edu.com,Female,18,69,19,86,63,64,4,94.37
2049,Dennis,Russell,dennis.russell64@edu.com,Male,18,63,22,31,79,71,9,80.68
2050,Alan,Erickson,alan.erickson46@edu.com,Male,20,89,20,52,66,69,3,82.52
2051,Anthony,Montgomery,anthony.montgomery76@edu.com,Male,22,83,2,65,73,41,10,67.67
2052,Edward,Perkins,edward.perkins85@edu.com,Male,18,88,19,67,71,71,0,92.18
2053,Jocelyn,Daugherty,jocelyn.daugherty88@edu.com,Female,21,78,16,99,47,89,8,99.07
2054,Diana,Daniels,diana.daniels59@edu.com,Male,21,73,5,94,92,62,1,94.7
2055,Jeremy,Ryan,jeremy.ryan43@edu.com,Male,20,99,22,99,86,52,0,100.0
2056,Evelyn,Smith,evelyn.smith89@edu.com,Female,21,99,5,31,65,73,8,66.6
2057,Elizabeth,Sanchez,elizabeth.sanchez14@edu.com,Female,18,61,17,57,75,51,1,72.62
2058,Teresa,Williams,teresa.williams48@edu.com,Male,22,71,12,67,86,38,6,82.15
2059,Michael,Beck,michael.beck33@edu.com,Female,22,92,9,65,88,54,10,89.14
2060,Susan,Kaufman,susan.kaufman96@edu.com,Female,18,63,13,99,79,89,10,100.0
2061,Robin,Potter,robin.potter45@edu.com,Male,21,63,2,34,77,63,8,62.92
2062,Justin,Warren,justin.warren78@edu.com,Male,18,88,5,87,77,55,0,78.02
2063,Jason,Bell,jason.bell40@edu.com,Female,20,100,5,61,53,41,1,71.0
2064,Phillip,Wells,phillip.wells25@edu.com,Female,20,81,0,43,67,77,7,63.42
2065,Patricia,Reyes,patricia.reyes36@edu.com,Male,19,74,8,51,40,81,7,65.64
2066,Billy,Williams,billy.williams13@edu.com,Male,21,68,12,58,40,38,1,59.17
2067,Melissa,Erickson,melissa.erickson60@edu.com,Female,22,68,15,80,69,52,5,91.83
2068,Natasha,Diaz,natasha.diaz43@edu.com,Male,19,69,18,62,91,63,0,90.59
2069,Edward,Lopez,edward.lopez78@edu.com,Male,18,83,14,96,83,85,1,100.0
2070,Michael,Dean,michael.dean79@edu.com,Female,18,98,5,34,90,87,3,77.31
2071,Melissa,Coleman,melissa.coleman65@edu.com,Male,19,92,17,39,77,94,2,82.72
2072,Eileen,Williams,eileen.williams19@edu.com,Male,18,79,6,79,40,43,7,68.52
2073,Dawn,Blackwell,dawn.blackwell66@edu.com,Male,20,77,21,56,59,38,1,78.75
2074,Kyle,Stephens,kyle.stephens50@edu.com,Female,21,61,16,55,76,77,3,84.63
2075,Paul,Thompson,paul.thompson48@edu.com,Male,21,61,23,84,70,33,1,93.46
2076,Richard,Payne,richard.payne35@edu.com,Female,18,77,5,40,66,85,4,72.18
2077,Jeffrey,Harris,jeffrey.harris62@edu.com,Male,18,84,19,49,62,79,1,81.19
2078,Kathy,Evans,kathy.evans87@edu.com,Female,18,86,12,33,40,90,5,62.51
2079,Elizabeth,Duarte,elizabeth.duarte18@edu.com,Male,20,65,23,53,42,81,7,80.15
2080,Cory,Mcclain,cory.mcclain1@edu.com,Male,19,76,5,90,98,30,9,87.76
2081,Michael,Mcclure,michael.mcclure57@edu.com,Male,18,91,7,99,80,71,3,94.94
2082,Randy,Morgan,randy.morgan91@edu.com,Male,22,86,5,47,43,31,4,53.17
2083,Kevin,Monroe,kevin.monroe24@edu.com,Female,18,65,13,65,76,36,9,78.94
2084,Timothy,Gallagher,timothy.gallagher2@edu.com,Female,21,88,6,61,73,78,8,80.6
2085,Todd,Williams,todd.williams97@edu.com,Female,19,75,3,78,56,94,9,81.1
2086,Hayley,Prince,hayley.prince77@edu.com,Female,18,98,21,93,72,30,5,94.89
2087,Timothy,Fox,timothy.fox57@edu.com,Male,18,65,13,70,86,83,10,94.77
2088,Bryan,White,bryan.white65@edu.com,Male,21,80,15,84,59,31,4,80.77
2089,Samantha,Mcdonald,samantha.mcdonald81@edu.com,Male,20,70,2,56,67,92,7,72.37
2090,Julia,Cole,julia.cole4@edu.com,Female,19,66,8,60,53,86,2,72.37
2091,Gail,Clark,gail.clark47@edu.com,Female,22,85,2,61,96,89,5,82.8
2092,Patrick,Elliott,patrick.elliott79@edu.com,Male,18,73,17,89,68,38,7,88.56
2093,Renee,Smith,renee.smith61@edu.com,Male,22,76,2,60,51,94,8,71.33
2094,Michele,Hernandez,michele.hernandez59@edu.com,Male,20,76,10,96,97,33,5,91.48
2095,Rachael,Reynolds,rachael.reynolds86@edu.com,Female,21,93,11,79,90,84,1,96.44
2096,Vanessa,Holloway,vanessa.holloway35@edu.com,Female,21,93,15,59,85,68,5,88.96
2097,Lucas,Smith,lucas.smith56@edu.com,Female,18,93,8,44,60,50,6,59.93
2098,William,Spencer,william.spencer58@edu.com,Female,21,63,18,97,42,88,7,93.04
2099,Nicolas,Patel,nicolas.patel37@edu.com,Male,20,97,14,31,48,82,0,71.23
2100,Gina,Jackson,gina.jackson26@edu.com,Male,21,85,4,56,63,80,7,68.55
2101,Gina,Cook,gina.cook84@edu.com,Male,22,98,0,56,74,42,10,60.9
2102,Spencer,Lopez,spencer.lopez10@edu.com,Male,18,83,8,71,46,73,10,72.3
2103,Kimberly,Stark,kimberly.stark7@edu.com,Female,19,79,21,50,68,61,6,76.5
2104,Gabriel,Pham,gabriel.pham17@edu.com,Female,21,76,12,65,82,50,1,86.42
2105,Sydney,Davidson,sydney.davidson29@edu.com,Male,20,63,11,74,94,43,9,81.84
2106,Jeffery,Hernandez,jeffery.hernandez10@edu.com,Female,20,70,18,78,68,90,4,96.28
2107,Michael,Lewis,michael.lewis76@edu.com,Female,19,95,13,74,97,89,8,100.0
2108,Jorge,Harmon,jorge.harmon76@edu.com,Male,20,92,14,57,79,85,3,90.61
2109,Karen,Ramsey,karen.ramsey61@edu.com,Male,18,72,15,47,40,92,7,73.96
2110,David,Johnson,david.johnson12@edu.com,Female,21,92,4,85,44,31,6,71.72
2111,Troy,Taylor,troy.taylor34@edu.com,Female,20,92,14,53,94,60,10,91.18
2112,Robin,Blanchard,robin.blanchard81@edu.com,Female,18,87,5,53,50,54,6,67.03
2113,Adam,Turner,adam.turner33@edu.com,Male,19,77,22,95,68,91,5,100.0
2114,Jill,Smith,jill.smith96@edu.com,Male,18,88,24,66,77,65,9,95.95
2115,Cheryl,Ferrell,cheryl.ferrell3@edu.com,Male,22,84,4,53,78,78,5,69.84
2116,Debbie,Nguyen,debbie.nguyen4@edu.com,Male,18,76,10,59,40,55,0,60.9
2117,Beth,Castillo,beth.castillo3@edu.com,Female,18,100,23,76,92,57,9,100.0
2118,Christopher,Schmitt,christopher.schmitt70@edu.com,Female,22,61,23,93,92,92,4,100.0
2119,Jose,Lewis,jose.lewis7@edu.com,Male,20,93,8,56,76,36,4,71.99
2120,Debra,Moore,debra.moore9@edu.com,Male,21,86,1,44,79,94,4,68.54
2121,April,Williams,april.williams41@edu.com,Male,18,91,13,95,58,94,0,98.73
2122,Darren,Brown,darren.brown90@edu.com,Female,21,66,18,82,59,51,3,86.64
2123,Donna,Martinez,donna.martinez36@edu.com,Female,20,68,9,31,75,75,8,71.72
2124,Nathan,Ruiz,nathan.ruiz44@edu.com,Male,21,61,7,33,74,37,10,55.36
2125,Ryan,Ross,ryan.ross53@edu.com,Male,19,81,7,38,100,87,7,81.85
2126,Nicole,Jordan,nicole.jordan40@edu.com,Female,19,84,24,98,86,95,6,100.0
2127,Stacey,Le,stacey.le61@edu.com,Male,19,66,24,38,54,69,7,78.44
2128,Carrie,Harper,carrie.harper76@edu.com,Male,22,86,17,33,65,72,7,73.56
2129,Jessica,Erickson,jessica.erickson15@edu.com,Male,20,67,15,48,93,56,5,82.57
2130,Kyle,Johnson,kyle.johnson10@edu.com,Male,21,92,3,61,93,58,0,70.35
2131,Christina,Williams,christina.williams92@edu.com,Female,22,74,15,67,83,88,3,96.17
2132,Tracy,Williams,tracy.williams89@edu.com,Male,19,88,10,30,71,95,6,72.33
2133,Brian,Christian,brian.christian7@edu.com,Female,18,98,8,71,57,91,1,83.96
2134,Ruth,Howard,ruth.howard58@edu.com,Female,21,84,5,35,83,52,7,67.54
2135,Sherry,Johnson,sherry.johnson35@edu.com,Male,18,83,1,78,73,93,5,82.74
2136,Taylor,Powers,taylor.powers6@edu.com,Female,21,89,0,66,60,48,5,60.8
2137,Olivia,Long,olivia.long95@edu.com,Female,21,81,20,92,90,38,1,97.57
2138,Eric,Collins,eric.collins31@edu.com,Female,20,94,9,33,80,87,7,72.34
2139,Keith,Newman,keith.newman3@edu.com,Male,19,95,3,68,46,74,3,71.49
2140,Kara,Contreras,kara.contreras24@edu.com,Female,21,68,1,89,54,31,1,67.62
2141,David,Cowan,david.cowan40@edu.com,Female,18,88,21,98,72,55,8,100.0
2142,Brittany,Gutierrez,brittany.gutierrez12@edu.com,Male,22,60,23,70,93,92,7,100.0
2143,Emily,Townsend,emily.townsend82@edu.com,Male,22,76,3,90,81,85,0,90.09
2144,Tracy,Hernandez,tracy.hernandez56@edu.com,Male,19,82,2,70,51,68,5,70.3
2145,Joseph,Fuentes,joseph.fuentes20@edu.com,Male,20,80,14,52,89,62,1,81.72
2146,Andrew,Figueroa,andrew.figueroa38@edu.com,Female,19,70,18,79,58,53,1,78.89
2147,Leah,Harrell,leah.harrell22@edu.com,Female,19,91,22,89,91,36,4,100.0
2148,Kathy,Benson,kathy.benson15@edu.com,Female,21,77,11,76,95,95,1,95.62
2149,Jo,Howe,jo.howe66@edu.com,Female,19,91,13,44,91,89,1,84.39
2150,Philip,George,philip.george62@edu.com,Male,18,76,15,78,49,39,0,82.24
2151,Kevin,Weaver,kevin.weaver97@edu.com,Male,19,66,16,51,49,31,10,67.8
2152,Nathaniel,Carroll,nathaniel.carroll4@edu.com,Female,22,75,5,54,87,53,1,71.08
2153,Michelle,Adams,michelle.adams21@edu.com,Male,18,78,18,55,66,84,6,85.8
2154,Adam,Bell,adam.bell62@edu.com,Female,22,61,11,92,51,87,7,84.53
2155,Debra,Grimes,debra.grimes25@edu.com,Male,19,77,21,56,87,94,7,97.51
2156,Adam,Ortiz,adam.ortiz48@edu.com,Female,22,88,19,73,71,52,9,94.22
2157,Pedro,Smith,pedro.smith24@edu.com,Female,20,86,23,62,56,63,9,89.08
2158,Kelly,Davis,kelly.davis41@edu.com,Female,22,89,16,100,91,30,7,100.0
2159,Brian,Smith,brian.smith32@edu.com,Male,19,86,21,78,90,73,2,100.0
2160,Kathleen,Hall,kathleen.hall33@edu.com,Male,21,80,21,70,65,81,2,95.82
2161,Elizabeth,Calderon,elizabeth.calderon10@edu.com,Male,19,74,20,59,69,48,10,87.38
2162,Emily,Sloan,emily.sloan76@edu.com,Female,22,99,7,76,77,49,1,76.55
2163,Hannah,Rodriguez,hannah.rodriguez13@edu.com,Male,18,93,17,76,81,65,0,97.85
2164,Russell,Diaz,russell.diaz97@edu.com,Female,22,89,21,39,85,89,7,92.72
2165,Patrick,Richmond,patrick.richmond32@edu.com,Female,19,72,8,47,44,45,8,59.28
2166,Matthew,Barker,matthew.barker97@edu.com,Male,22,94,14,34,74,87,0,74.29
2167,Lindsay,Mann,lindsay.mann39@edu.com,Female,21,75,12,81,49,59,10,81.24
2168,Alejandro,Bennett,alejandro.bennett95@edu.com,Male,18,89,12,47,81,66,1,78.43
2169,Toni,Sanchez,toni.sanchez11@edu.com,Female,22,88,9,100,53,32,4,85.56
2170,Valerie,Torres,valerie.torres17@edu.com,Male,19,99,0,33,70,70,7,59.69
2171,Tammy,Fischer,tammy.fischer74@edu.com,Female,21,70,18,96,45,42,9,87.07
2172,Katrina,Watkins,katrina.watkins1@edu.com,Male,19,69,24,90,50,66,8,100.0
2173,Darrell,Anderson,darrell.anderson11@edu.com,Male,19,86,5,36,82,86,4,73.38
2174,Laura,Garcia,laura.garcia12@edu.com,Female,19,61,13,38,60,90,1,71.36
2175,Patrick,Herrera,patrick.herrera86@edu.com,Female,18,61,14,72,50,42,9,77.76
2176,Cynthia,Clark,cynthia.clark42@edu.com,Male,21,92,10,86,74,39,2,88.41
2177,Connie,Duncan,connie.duncan18@edu.com,Male,19,82,17,71,93,58,7,95.91
2178,Daniel,Liu,daniel.liu10@edu.com,Male,22,73,19,38,46,38,1,60.6
2179,Virginia,Gentry,virginia.gentry60@edu.com,Male,18,76,13,42,54,59,9,66.95
2180,Tasha,Palmer,tasha.palmer2@edu.com,Female,18,91,10,72,99,30,7,87.68
2181,Sarah,Collier,sarah.collier84@edu.com,Female,20,95,0,62,96,41,6,72.68
2182,Andrew,Chan,andrew.chan66@edu.com,Male,18,84,11,89,76,84,5,94.42
2183,Jessica,Villanueva,jessica.villanueva88@edu.com,Male,21,79,22,73,67,49,2,92.65
2184,Laura,Schmidt,laura.schmidt43@edu.com,Female,22,81,10,32,51,94,6,67.51
2185,Jeremy,Thomas,jeremy.thomas26@edu.com,Female,22,78,18,50,66,48,5,74.59
2186,Autumn,Myers,autumn.myers6@edu.com,Female,20,73,18,94,41,79,8,95.34
2187,Lisa,Espinoza,lisa.espinoza65@edu.com,Female,21,69,19,34,62,85,10,80.55
2188,Sarah,Gill,sarah.gill99@edu.com,Female,20,86,23,50,78,68,1,88.33
2189,Aimee,Hart,aimee.hart92@edu.com,Female,20,71,4,74,54,47,5,71.93
2190,Randy,Jones,randy.jones66@edu.com,Female,18,88,0,55,53,89,6,64.39
2191,Deanna,Chapman,deanna.chapman96@edu.com,Female,22,62,8,85,57,43,3,69.75
2192,Christopher,Roberts,christopher.roberts44@edu.com,Male,19,73,4,73,98,70,8,85.08
2193,Amanda,Gonzalez,amanda.gonzalez82@edu.com,Female,20,86,12,64,53,39,4,73.83
2194,Vanessa,Conley,vanessa.conley35@edu.com,Female,22,77,2,82,42,36,7,67.68
2195,Rhonda,Powell,rhonda.powell99@edu.com,Female,19,77,21,50,52,30,9,73.03
2196,Linda,Morgan,linda.morgan13@edu.com,Male,20,67,24,98,41,76,10,100.0
2197,Patricia,Spencer,patricia.spencer10@edu.com,Female,20,99,21,74,80,66,8,99.64
2198,Kenneth,Hunt,kenneth.hunt65@edu.com,Male,19,69,21,71,42,35,9,78.6
2199,Michelle,Wagner,michelle.wagner57@edu.com,Male,18,64,1,67,93,71,2,77.87
2200,Jamie,Rodriguez,jamie.rodriguez99@edu.com,Male,19,68,21,50,57,41,8,76.83
2201,Alicia,Williams,alicia.williams78@edu.com,Male,21,84,0,47,69,58,7,53.98
2202,John,Wagner,john.wagner92@edu.com,Female,18,82,2,69,94,69,4,80.38
2203,Kelsey,Allen,kelsey.allen34@edu.com,Male,21,98,10,73,71,43,8,82.94
2204,Stephanie,Garcia,stephanie.garcia83@edu.com,Female,18,90,9,74,71,58,5,86.5
2205,Edward,Mckay,edward.mckay82@edu.com,Female,18,70,10,31,85,30,7,64.51
2206,Richard,Gordon,richard.gordon69@edu.com,Female,18,98,2,45,71,49,8,67.06
2207,Kristine,Thomas,kristine.thomas97@edu.com,Female,19,96,14,72,81,76,7,91.16
2208,Anthony,Reed,anthony.reed83@edu.com,Female,21,67,8,58,80,72,8,77.77
2209,Sherry,Lloyd,sherry.lloyd77@edu.com,Male,22,99,1,65,86,64,5,80.4
2210,Joshua,Morgan,joshua.morgan99@edu.com,Male,18,80,21,94,60,87,5,100.0
2211,Kevin,Henry,kevin.henry79@edu.com,Female,19,68,22,95,51,48,7,95.04
2212,Marilyn,Petersen,marilyn.petersen67@edu.com,Male,22,94,21,98,53,62,1,100.0
2213,Joan,Estrada,joan.estrada61@edu.com,Male,18,65,7,99,90,79,0,93.61
2214,Ariel,Baker,ariel.baker62@edu.com,Male,19,86,2,34,66,74,0,56.49
2215,Jonathan,Chavez,jonathan.chavez46@edu.com,Male,20,69,11,46,70,63,3,71.78
2216,Tammy,Crane,tammy.crane83@edu.com,Female,21,64,4,71,71,45,2,62.76
2217,Curtis,Walker,curtis.walker4@edu.com,Female,22,92,12,98,93,78,6,100.0
2218,Angela,Anderson,angela.anderson20@edu.com,Male,18,69,10,49,95,44,2,77.76
2219,Morgan,Elliott,morgan.elliott56@edu.com,Female,18,77,11,90,57,94,4,89.57
2220,Katelyn,Nelson,katelyn.nelson56@edu.com,Female,19,62,4,45,62,58,5,52.39
2221,Ian,Diaz,ian.diaz95@edu.com,Male,19,91,17,46,80,48,6,83.85
2222,Jonathan,Mcdowell,jonathan.mcdowell13@edu.com,Male,22,85,21,97,40,45,2,92.7
2223,Mark,Smith,mark.smith72@edu.com,Male,19,68,24,45,46,40,0,71.65
2224,Danny,Richmond,danny.richmond62@edu.com,Male,18,86,1,98,97,50,3,88.0
2225,Lindsey,Moore,lindsey.moore54@edu.com,Male,21,66,1,42,51,75,1,55.08
2226,Bob,Freeman,bob.freeman31@edu.com,Male,19,85,16,52,78,57,2,79.11
2227,Tony,Brewer,tony.brewer31@edu.com,Female,18,90,3,63,79,52,9,70.41
2228,Max,Duncan,max.duncan24@edu.com,Female,22,85,3,34,43,31,1,46.5
2229,Matthew,Warner,matthew.warner49@edu.com,Male,19,71,13,65,74,83,3,85.31
2230,Bryce,Sanders,bryce.sanders12@edu.com,Female,20,66,16,88,43,85,9,91.79
2231,Kristina,Mccarthy,kristina.mccarthy61@edu.com,Male,21,72,14,41,71,62,1,73.99
2232,Tyler,Anderson,tyler.anderson44@edu.com,Female,22,87,16,38,53,75,10,70.99
2233,Tiffany,Castaneda,tiffany.castaneda16@edu.com,Female,20,63,11,93,50,72,4,86.38
2234,Darrell,Hart,darrell.hart85@edu.com,Female,19,93,18,33,86,62,3,80.06
2235,Jeremy,Elliott,jeremy.elliott25@edu.com,Male,22,63,5,41,52,50,3,51.99
2236,George,Morgan,george.morgan55@edu.com,Male,18,67,2,45,85,45,3,63.24
2237,Angela,Glass,angela.glass47@edu.com,Male,19,61,13,85,67,74,5,95.65
2238,Alex,Gonzalez,alex.gonzalez34@edu.com,Female,21,75,20,68,93,60,9,93.71
2239,Victoria,Rojas,victoria.rojas64@edu.com,Female,18,83,10,37,71,46,0,66.02
2240,Julia,Hayden,julia.hayden98@edu.com,Male,21,78,13,32,58,47,2,61.1
2241,Robert,Brown,robert.brown50@edu.com,Female,20,76,13,91,81,30,7,92.71
2242,Pamela,Robertson,pamela.robertson59@edu.com,Female,19,61,0,73,83,51,5,74.44
2243,Edward,Rangel,edward.rangel76@edu.com,Male,19,75,6,59,58,91,1,68.81
2244,Carol,Henderson,carol.henderson93@edu.com,Female,22,80,12,95,74,86,9,100.0
2245,Allen,Duncan,allen.duncan44@edu.com,Male,22,98,14,65,91,50,1,83.88
2246,Jason,West,jason.west7@edu.com,Female,21,92,6,80,44,95,10,81.31
2247,David,Taylor,david.taylor29@edu.com,Female,21,93,4,42,64,35,0,57.16
2248,Laura,Romero,laura.romero46@edu.com,Male,21,62,5,69,80,89,1,75.19
2249,Jonathan,Gomez,jonathan.gomez41@edu.com,Male,22,68,11,54,100,44,8,82.64
2250,Angel,Davis,angel.davis70@edu.com,Male,22,71,22,45,72,55,7,85.47
2251,Stephanie,Martin,stephanie.martin75@edu.com,Female,19,60,3,88,52,90,3,82.23
2252,Jose,Smith,jose.smith52@edu.com,Male,20,89,2,54,53,77,5,66.23
2253,Juan,Hess,juan.hess8@edu.com,Female,20,99,23,38,90,76,1,90.05
2254,Sara,Campbell,sara.campbell3@edu.com,Male,21,89,8,73,89,93,10,88.91
2255,John,Kelly,john.kelly70@edu.com,Female,21,89,17,37,79,40,7,73.15
2256,Kevin,Jackson,kevin.jackson40@edu.com,Female,22,62,12,53,48,57,4,71.1
2257,Tyler,Ward,tyler.ward34@edu.com,Male,21,90,22,84,74,67,5,99.89
2258,Carol,Butler,carol.butler72@edu.com,Female,18,94,9,100,71,46,1,92.01
2259,James,Molina,james.molina43@edu.com,Female,18,89,0,89,85,75,4,79.68
2260,Melanie,Butler,melanie.butler80@edu.com,Female,21,66,23,88,73,68,0,99.6
2261,Christine,Hooper,christine.hooper5@edu.com,Male,19,81,11,31,40,58,9,55.94
2262,Robert,Green,robert.green57@edu.com,Male,20,70,19,71,78,52,4,92.22
2263,Hannah,Hicks,hannah.hicks8@edu.com,Female,18,60,2,33,70,79,2,61.48
2264,Richard,Howell,richard.howell21@edu.com,Female,22,66,22,55,50,60,3,79.32
2265,Luis,Bean,luis.bean64@edu.com,Male,19,90,2,75,68,55,10,73.67
2266,Amy,Ramirez,amy.ramirez27@edu.com,Female,20,72,14,42,42,45,6,52.06
2267,Matthew,Boyd,matthew.boyd16@edu.com,Male,18,63,7,34,99,57,4,71.59
2268,Antonio,Brown,antonio.brown20@edu.com,Female,22,68,7,60,93,66,3,84.59
2269,Ashley,Lloyd,ashley.lloyd4@edu.com,Male,22,94,12,50,90,76,10,84.72
2270,Sandra,Nguyen,sandra.nguyen60@edu.com,Female,18,68,9,53,53,58,1,67.41
2271,Joseph,Ortiz,joseph.ortiz66@edu.com,Female,18,64,7,82,82,78,1,84.28
2272,Robert,Hughes,robert.hughes90@edu.com,Female,18,79,20,49,81,54,4,81.54
2273,Stephanie,Hayes,stephanie.hayes15@edu.com,Male,19,73,18,89,76,95,5,100.0
2274,Douglas,Dean,douglas.dean50@edu.com,Male,18,82,6,58,67,52,10,69.34
2275,Breanna,Booker,breanna.booker52@edu.com,Female,19,96,19,60,61,82,5,90.43
2276,Aaron,Clarke,aaron.clarke27@edu.com,Male,22,96,9,82,47,69,5,82.91
2277,Joseph,Gonzalez,joseph.gonzalez40@edu.com,Male,18,95,12,56,96,59,7,86.6
2278,Troy,Mcdonald,troy.mcdonald11@edu.com,Female,19,81,0,36,92,60,8,66.21
2279,Gregory,Black,gregory.black24@edu.com,Female,21,70,17,47,45,84,0,76.38
2280,Anthony,Diaz,anthony.diaz31@edu.com,Female,18,88,0,47,70,69,10,65.25
2281,Rebecca,Herrera,rebecca.herrera29@edu.com,Male,19,95,8,62,66,70,1,71.66
2282,Tammie,Jimenez,tammie.jimenez59@edu.com,Female,21,76,0,64,49,68,8,59.06
2283,Anthony,Flowers,anthony.flowers20@edu.com,Female,18,71,9,66,64,33,8,72.87
2284,Steven,Parker,steven.parker71@edu.com,Female,19,67,18,51,81,32,7,81.3
2285,Ricky,Freeman,ricky.freeman64@edu.com,Male,18,85,5,81,95,69,2,90.7
2286,Adam,Bradley,adam.bradley18@edu.com,Male,20,81,1,30,90,82,0,60.38
2287,Sandra,Rivera,sandra.rivera54@edu.com,Male,21,96,12,67,99,54,2,89.83
2288,Marie,Hancock,marie.hancock14@edu.com,Male,22,64,23,91,57,56,0,99.4
2289,Ariana,Guerra,ariana.guerra85@edu.com,Female,20,80,12,80,93,77,3,98.88
2290,Kimberly,Odom,kimberly.odom38@edu.com,Female,21,96,7,71,90,54,3,82.18
2291,Sierra,Hicks,sierra.hicks64@edu.com,Female,18,96,24,73,58,39,3,90.77
2292,Stanley,Hodges,stanley.hodges37@edu.com,Female,22,91,20,70,68,35,2,85.51
2293,Nicole,Johnson,nicole.johnson43@edu.com,Male,22,99,9,98,61,43,8,93.01
2294,Christopher,Ramos,christopher.ramos57@edu.com,Female,20,65,24,84,86,31,5,100.0
2295,Jeffrey,Edwards,jeffrey.edwards82@edu.com,Female,20,60,6,71,45,60,2,65.42
2296,Jeff,Mathis,jeff.mathis53@edu.com,Female,19,65,23,72,72,33,10,93.56
2297,Aaron,Jones,aaron.jones37@edu.com,Male,22,81,17,96,57,51,8,93.49
2298,Brandon,Young,brandon.young96@edu.com,Female,22,62,24,48,78,80,7,92.93
2299,Richard,Garrett,richard.garrett22@edu.com,Male,21,94,19,48,41,30,10,70.86
2300,Tina,Massey,tina.massey29@edu.com,Female,18,96,5,85,83,46,3,82.38
2301,Patricia,Gordon,patricia.gordon36@edu.com,Female,18,81,10,91,93,45,9,96.2
2302,Judy,Tyler,judy.tyler8@edu.com,Male,22,93,15,51,57,92,8,76.71
2303,Brenda,Myers,brenda.myers2@edu.com,Female,19,67,19,90,86,81,0,100.0
2304,Austin,Lambert,austin.lambert34@edu.com,Female,20,73,2,65,97,53,0,70.13
2305,Carolyn,Bishop,carolyn.bishop54@edu.com,Male,21,97,11,48,95,56,0,75.7
2306,David,Cunningham,david.cunningham16@edu.com,Male,19,85,20,75,60,54,8,89.76
2307,Sara,Valencia,sara.valencia31@edu.com,Female,21,90,20,96,47,40,4,92.65
2308,Megan,Molina,megan.molina43@edu.com,Female,22,99,19,95,60,32,10,96.96
2309,Michael,Jones,michael.jones50@edu.com,Male,21,63,20,31,45,32,9,59.11
2310,Carolyn,Charles,carolyn.charles60@edu.com,Female,22,84,6,83,69,93,6,83.25
2311,Brendan,Elliott,brendan.elliott33@edu.com,Male,22,60,23,70,83,63,4,91.57
2312,Karen,Brown,karen.brown99@edu.com,Male,19,81,13,53,51,73,5,76.01
2313,Gregory,Chaney,gregory.chaney79@edu.com,Female,19,82,15,43,72,75,4,78.63
2314,Jacob,Harris,jacob.harris86@edu.com,Female,18,65,0,31,45,71,1,47.57
2315,John,Wall,john.wall79@edu.com,Male,21,97,12,54,98,65,3,78.0
2316,William,Garcia,william.garcia98@edu.com,Male,18,77,14,65,94,82,4,91.5
2317,Anthony,Reyes,anthony.reyes52@edu.com,Male,19,71,18,95,78,82,9,100.0
2318,Melissa,Lewis,melissa.lewis51@edu.com,Male,22,87,3,84,82,66,9,90.58
2319,Virginia,Smith,virginia.smith67@edu.com,Female,22,92,14,97,63,71,1,97.54
2320,Paul,Gibson,paul.gibson39@edu.com,Female,19,69,15,97,52,76,10,89.38
2321,Mary,Hoffman,mary.hoffman17@edu.com,Male,21,88,17,65,50,77,6,83.94
2322,Brittany,Larsen,brittany.larsen79@edu.com,Female,19,77,12,77,100,55,10,95.28
2323,Anthony,Green,anthony.green19@edu.com,Female,22,92,9,99,41,84,6,83.39
2324,Michael,Henderson,michael.henderson64@edu.com,Male,21,85,20,73,65,84,3,96.12
2325,Brian,Allen,brian.allen55@edu.com,Female,18,93,16,51,63,64,3,74.31
2326,Edward,King,edward.king49@edu.com,Female,19,65,16,44,88,67,2,84.52
2327,Lauren,Ross,lauren.ross10@edu.com,Female,22,100,15,31,83,35,1,66.5
2328,Ronald,King,ronald.king64@edu.com,Male,21,96,16,93,71,77,3,100.0
2329,Stephanie,Davis,stephanie.davis82@edu.com,Female,22,99,24,73,84,64,2,97.61
2330,Alan,Williams,alan.williams75@edu.com,Female,20,71,18,50,48,83,0,76.59
2331,Krista,James,krista.james25@edu.com,Male,22,72,6,92,91,32,9,84.67
2332,David,Wilson,david.wilson42@edu.com,Female,18,84,15,44,79,94,10,92.2
2333,Ronald,Burke,ronald.burke1@edu.com,Male,22,89,12,82,54,64,1,84.45
2334,Marie,Potts,marie.potts56@edu.com,Male,19,69,13,51,74,94,1,81.49
2335,Dennis,Soto,dennis.soto42@edu.com,Female,19,61,0,53,81,54,6,62.81
2336,Jill,Reynolds,jill.reynolds17@edu.com,Female,21,86,24,89,79,64,7,100.0
2337,Gregory,Jones,gregory.jones91@edu.com,Female,22,85,15,44,49,42,2,67.84
2338,Melissa,Johnson,melissa.johnson47@edu.com,Male,21,64,14,67,55,32,6,72.95
2339,Monica,Garcia,monica.garcia36@edu.com,Female,21,63,3,54,48,88,5,70.63
2340,Amber,Johnson,amber.johnson81@edu.com,Male,22,63,18,80,58,33,1,81.99
2341,Emily,Miller,emily.miller11@edu.com,Male,18,68,3,70,65,44,6,72.5
2342,Charles,Norman,charles.norman51@edu.com,Male,21,89,9,90,91,43,9,91.34
2343,Cindy,Kim,cindy.kim89@edu.com,Female,20,83,24,43,58,51,7,82.04
2344,Thomas,Williams,thomas.williams34@edu.com,Male,19,61,24,36,51,54,3,67.42
2345,Michael,Williams,michael.williams49@edu.com,Male,18,86,16,82,68,55,8,87.55
2346,James,Underwood,james.underwood65@edu.com,Female,20,99,0,100,84,65,9,90.89
2347,Jerry,Bentley,jerry.bentley93@edu.com,Female,20,70,1,55,48,73,6,66.65
2348,Anthony,Rodriguez,anthony.rodriguez31@edu.com,Male,18,73,10,35,63,94,9,72.04
2349,Michele,Humphrey,michele.humphrey8@edu.com,Female,19,95,22,99,92,45,8,100.0
2350,Julie,Cruz,julie.cruz82@edu.com,Female,18,76,12,30,95,58,8,75.06
2351,Evan,Stein,evan.stein50@edu.com,Female,21,79,15,99,45,61,1,88.35
2352,Travis,Jones,travis.jones79@edu.com,Female,18,67,5,81,98,84,2,85.01
2353,Megan,Newton,megan.newton48@edu.com,Male,20,98,17,98,94,87,1,100.0
2354,Thomas,Palmer,thomas.palmer89@edu.com,Female,20,92,13,81,60,36,0,84.06
2355,Joseph,Hernandez,joseph.hernandez20@edu.com,Male,21,97,21,46,98,86,8,96.54
2356,Justin,Roberts,justin.roberts68@edu.com,Female,21,97,13,92,86,56,2,97.98
2357,Angela,Martinez,angela.martinez34@edu.com,Male,19,67,8,45,52,86,1,63.98
2358,Matthew,Wong,matthew.wong60@edu.com,Female,21,97,7,67,62,75,10,83.44
2359,Karen,Bennett,karen.bennett57@edu.com,Male,18,98,12,51,54,89,1,78.93
2360,Michael,Escobar,michael.escobar88@edu.com,Male,22,63,22,52,98,85,8,100.0
2361,Michael,White,michael.white41@edu.com,Male,21,86,11,96,69,37,3,90.29
2362,Derek,Guerrero,derek.guerrero47@edu.com,Female,21,69,5,32,90,92,2,70.75
2363,Cynthia,Drake,cynthia.drake61@edu.com,Female,22,64,0,36,85,95,2,63.81
2364,Rodney,Carlson,rodney.carlson17@edu.com,Male,19,99,0,54,43,60,6,58.78
2365,Theresa,Hernandez,theresa.hernandez75@edu.com,Female,20,61,20,60,53,83,4,84.03
2366,David,Anderson,david.anderson73@edu.com,Female,19,99,24,94,90,93,6,100.0
2367,Kathleen,Carter,kathleen.carter75@edu.com,Male,21,89,10,40,62,84,3,68.42
2368,Andrew,Williams,andrew.williams77@edu.com,Male,21,72,22,71,44,82,5,85.17
2369,Nancy,Hayes,nancy.hayes33@edu.com,Female,22,96,7,52,78,86,4,81.33
2370,Jesus,Hoover,jesus.hoover37@edu.com,Female,22,93,18,84,55,88,1,95.94
2371,Elizabeth,Decker,elizabeth.decker2@edu.com,Male,18,63,2,58,62,90,6,71.13
2372,James,Wilcox,james.wilcox9@edu.com,Female,19,79,6,72,47,92,5,74.66
2373,Joseph,Chambers,joseph.chambers56@edu.com,Male,19,92,12,88,86,53,0,97.06
2374,Sue,Wade,sue.wade79@edu.com,Male,21,96,24,38,81,55,8,85.05
2375,James,Ellison,james.ellison7@edu.com,Female,18,75,7,38,60,69,5,64.73
2376,Steve,Moore,steve.moore17@edu.com,Female,22,93,22,52,100,78,8,99.35
2377,Brittney,Robinson,brittney.robinson96@edu.com,Female,20,79,8,79,46,72,4,78.57
2378,Sean,Haynes,sean.haynes25@edu.com,Female,21,100,20,59,96,45,10,99.86
2379,Andrew,Moreno,andrew.moreno28@edu.com,Female,22,94,18,59,46,50,1,81.03
2380,Cynthia,Harris,cynthia.harris80@edu.com,Female,18,95,17,56,55,40,4,74.02
2381,Emily,Garcia,emily.garcia82@edu.com,Female,20,83,19,44,56,85,7,86.45
2382,Albert,Gilbert,albert.gilbert92@edu.com,Female,22,82,13,93,94,84,3,100.0
2383,Andrew,Hill,andrew.hill3@edu.com,Male,21,79,23,82,59,58,0,98.04
2384,Carmen,Mason,carmen.mason7@edu.com,Male,20,78,1,44,91,30,7,62.49
2385,Preston,Savage,preston.savage56@edu.com,Male,22,93,11,81,95,39,5,89.64
2386,Paul,Zuniga,paul.zuniga92@edu.com,Female,20,94,22,55,62,93,9,93.08
2387,Heidi,Olson,heidi.olson30@edu.com,Male,21,89,21,34,61,80,7,79.62
2388,Nicole,Long,nicole.long71@edu.com,Male,19,60,19,94,93,70,3,100.0
2389,William,Rice,william.rice8@edu.com,Male,20,76,15,85,64,33,3,85.19
2390,Joshua,Morrison,joshua.morrison19@edu.com,Female,21,99,14,65,61,39,8,77.83
2391,Justin,Garcia,justin.garcia35@edu.com,Male,19,85,11,62,81,78,2,85.73
2392,Lawrence,Ramos,lawrence.ramos83@edu.com,Female,20,88,5,45,62,65,4,66.37
2393,Timothy,Atkinson,timothy.atkinson20@edu.com,Male,20,81,23,39,46,72,10,81.6
2394,Amanda,Deleon,amanda.deleon86@edu.com,Male,22,83,24,84,73,44,7,96.41
2395,Gregory,Hall,gregory.hall87@edu.com,Female,21,82,0,58,90,66,2,67.41
2396,Charles,Stewart,charles.stewart5@edu.com,Female,21,75,22,87,76,73,5,100.0
2397,Scott,Mathews,scott.mathews72@edu.com,Male,19,98,3,50,54,76,0,68.04
2398,John,Patton,john.patton24@edu.com,Male,21,69,9,82,60,56,10,81.06
2399,Christian,Owens,christian.owens38@edu.com,Male,18,85,3,79,84,31,1,76.11
2400,Chelsea,Gates,chelsea.gates93@edu.com,Female,21,99,14,99,74,57,2,98.71
2401,Vicki,Horn,vicki.horn47@edu.com,Male,20,72,5,58,65,77,2,71.3
2402,Travis,Phillips,travis.phillips75@edu.com,Female,20,65,18,47,62,73,10,79.12
2403,Robert,Evans,robert.evans79@edu.com,Female,21,78,16,75,90,58,10,100.0
2404,Joyce,Carter,joyce.carter93@edu.com,Female,21,100,11,48,77,92,8,82.41
2405,Crystal,Nixon,crystal.nixon31@edu.com,Female,20,74,4,82,55,35,7,72.44
2406,Evan,Cannon,evan.cannon10@edu.com,Male,19,70,21,94,51,92,0,98.75
2407,Steven,Lopez,steven.lopez73@edu.com,Female,22,90,24,44,89,71,0,89.36
2408,Michael,Hayes,michael.hayes57@edu.com,Female,21,76,23,37,78,85,9,89.91
2409,Shelly,Kelly,shelly.kelly66@edu.com,Male,21,85,23,60,45,72,1,86.56
2410,Louis,Smith,louis.smith60@edu.com,Female,20,80,24,32,48,83,4,74.52
2411,Richard,Mathews,richard.mathews24@edu.com,Male,18,84,23,95,49,94,0,100.0
2412,Jose,Erickson,jose.erickson52@edu.com,Female,20,68,18,64,61,52,5,79.75
2413,Ryan,Lopez,ryan.lopez53@edu.com,Female,22,63,17,36,70,70,9,77.76
2414,Nathan,Reid,nathan.reid49@edu.com,Male,22,99,11,71,48,46,2,77.07
2415,Pamela,Knight,pamela.knight32@edu.com,Female,19,86,20,53,44,30,8,65.63
2416,Denise,Bailey,denise.bailey94@edu.com,Female,19,63,8,64,85,55,9,78.25
2417,Jennifer,Ware,jennifer.ware14@edu.com,Male,18,85,5,49,66,46,5,60.47
2418,Alexander,Brown,alexander.brown2@edu.com,Female,18,97,18,86,85,65,0,100.0
2419,Theresa,Mccarthy,theresa.mccarthy9@edu.com,Female,20,100,4,84,54,83,5,82.49
2420,Courtney,Gibson,courtney.gibson20@edu.com,Female,20,68,22,98,77,43,0,100.0
2421,Madison,Hart,madison.hart78@edu.com,Male,19,61,23,57,98,36,2,89.45
2422,Brooke,Vaughn,brooke.vaughn55@edu.com,Male,20,65,20,92,46,59,6,89.35
2423,Ryan,Charles,ryan.charles15@edu.com,Male,22,64,11,46,86,60,2,73.54
2424,Wendy,Soto,wendy.soto55@edu.com,Female,20,88,0,98,86,92,7,88.64
2425,Katherine,Wood,katherine.wood26@edu.com,Male,19,74,13,67,58,64,0,74.48
2426,Richard,Carroll,richard.carroll37@edu.com,Female,19,88,24,36,94,39,0,84.44
2427,Tracy,Medina,tracy.medina50@edu.com,Male,18,62,16,58,53,93,1,78.05
2428,Anthony,Hamilton,anthony.hamilton14@edu.com,Female,19,66,5,82,48,68,1,75.14
2429,Jillian,Foster,jillian.foster4@edu.com,Female,22,98,8,44,45,43,6,59.16
2430,Donald,Graham,donald.graham74@edu.com,Male,22,97,15,74,49,59,8,82.84
2431,Miranda,Ramirez,miranda.ramirez39@edu.com,Female,18,72,2,96,85,40,8,85.03
2432,Kathryn,Li,kathryn.li51@edu.com,Female,22,100,10,94,45,45,9,84.78
2433,Miguel,Williams,miguel.williams99@edu.com,Female,21,79,15,77,89,43,9,97.45
2434,Anthony,Chaney,anthony.chaney26@edu.com,Female,21,88,11,66,81,66,1,82.7
2435,Robert,Schultz,robert.schultz40@edu.com,Female,22,73,12,77,87,40,10,90.91
2436,Eric,Woods,eric.woods93@edu.com,Female,20,62,21,76,48,53,8,86.87
2437,John,Hoffman,john.hoffman26@edu.com,Female,22,65,19,97,56,67,6,95.62
2438,Gregory,Mason,gregory.mason15@edu.com,Female,19,70,24,57,87,58,4,93.51
2439,Jill,Rice,jill.rice35@edu.com,Male,19,95,24,73,72,94,10,99.21
2440,Barbara,Boone,barbara.boone99@edu.com,Male,22,60,4,43,71,84,6,61.77
2441,Frank,Farmer,frank.farmer64@edu.com,Male,19,84,10,75,77,39,4,83.23
2442,Lori,Holt,lori.holt34@edu.com,Male,21,83,21,73,85,43,9,96.69
2443,Kevin,Brown,kevin.brown26@edu.com,Male,20,98,3,46,64,78,4,64.13
2444,Jonathan,Galloway,jonathan.galloway75@edu.com,Male,22,78,16,36,58,67,0,69.93
2445,Brian,Chandler,brian.chandler73@edu.com,Female,18,60,17,70,61,80,0,84.51
2446,Austin,Anderson,austin.anderson68@edu.com,Male,19,73,5,31,41,89,3,59.79
2447,Brian,Roman,brian.roman98@edu.com,Female,21,82,18,92,59,30,4,89.12
2448,Thomas,Crawford,thomas.crawford77@edu.com,Female,19,77,5,91,58,76,3,81.82
2449,Nicole,Adams,nicole.adams15@edu.com,Male,21,74,24,76,62,61,3,91.14
2450,Mary,Thomas,mary.thomas18@edu.com,Female,18,97,19,97,70,45,10,100.0
2451,Christian,Lee,christian.lee76@edu.com,Male,22,79,14,71,44,72,6,88.09
2452,William,Allen,william.allen72@edu.com,Male,18,85,5,61,55,67,6,64.15
2453,Kari,Riley,kari.riley87@edu.com,Female,20,68,4,73,95,46,7,80.15
2454,Veronica,Moore,veronica.moore80@edu.com,Male,22,74,5,48,86,57,8,70.52
2455,Ashley,Schwartz,ashley.schwartz82@edu.com,Male,21,85,22,97,53,47,2,93.05
2456,Kenneth,Jordan,kenneth.jordan70@edu.com,Female,21,65,6,36,69,61,6,64.17
2457,David,Woods,david.woods89@edu.com,Male,18,71,20,94,76,87,2,100.0
2458,Renee,Carter,renee.carter48@edu.com,Female,18,70,5,100,43,43,3,80.02
2459,Lucas,Carter,lucas.carter27@edu.com,Female,22,68,4,56,45,51,5,54.32
2460,Kim,Higgins,kim.higgins81@edu.com,Female,19,60,22,92,81,78,3,100.0
2461,Crystal,Mcbride,crystal.mcbride29@edu.com,Female,18,84,19,86,95,65,3,100.0
2462,Jessica,Byrd,jessica.byrd8@edu.com,Male,22,96,0,78,90,36,4,75.1
2463,Judy,Garcia,judy.garcia67@edu.com,Female,18,62,24,95,56,35,1,98.05
2464,Heather,Flynn,heather.flynn92@edu.com,Male,22,94,13,74,96,83,5,99.51
2465,Michelle,Cook,michelle.cook95@edu.com,Female,18,85,5,96,67,59,7,92.55
2466,Anna,Benson,anna.benson48@edu.com,Female,18,71,24,32,85,30,5,76.29
2467,Daniel,Snyder,daniel.snyder82@edu.com,Female,19,70,17,40,98,38,3,75.82
2468,Kathy,Blankenship,kathy.blankenship37@edu.com,Male,19,94,24,93,90,73,5,100.0
2469,Lisa,Shepard,lisa.shepard8@edu.com,Female,18,90,12,90,88,80,7,100.0
2470,Bradley,Mccann,bradley.mccann58@edu.com,Male,20,77,22,37,91,82,3,93.41
2471,Adam,Brown,adam.brown20@edu.com,Female,21,78,13,88,83,57,8,98.16
2472,Carol,Hendrix,carol.hendrix25@edu.com,Male,21,91,19,75,87,37,9,93.65
2473,Krystal,Wagner,krystal.wagner84@edu.com,Male,20,94,13,41,48,49,10,63.3
2474,Tracie,Booker,tracie.booker1@edu.com,Female,21,84,13,35,96,58,7,76.81
2475,Donna,Cherry,donna.cherry19@edu.com,Male,22,69,11,46,44,91,10,72.37
2476,Anita,Nunez,anita.nunez36@edu.com,Male,22,86,11,64,69,45,2,79.47
2477,Keith,Morgan,keith.morgan4@edu.com,Male,21,63,6,85,71,44,5,80.1
2478,Carol,Johnson,carol.johnson93@edu.com,Male,20,75,16,89,73,42,8,93.16
2479,Joshua,Schwartz,joshua.schwartz95@edu.com,Female,20,62,22,30,91,65,8,82.0
2480,Ronald,Howell,ronald.howell29@edu.com,Male,19,74,19,44,86,88,1,85.2
2481,Jennifer,Warren,jennifer.warren15@edu.com,Male,18,97,4,52,84,39,0,68.74
2482,Jason,Jenkins,jason.jenkins21@edu.com,Male,21,82,10,88,70,92,9,97.84
2483,Kristen,Romero,kristen.romero50@edu.com,Male,22,79,19,60,66,92,5,91.02
2484,Gregory,Kennedy,gregory.kennedy83@edu.com,Female,18,81,18,60,53,74,8,80.76
2485,Christopher,Brown,christopher.brown11@edu.com,Female,19,95,4,62,100,36,1,71.99
2486,Christopher,Webb,christopher.webb51@edu.com,Female,21,74,24,85,100,48,2,100.0
2487,Brian,Meyers,brian.meyers40@edu.com,Male,21,72,22,44,52,67,2,73.89
2488,Christopher,Palmer,christopher.palmer34@edu.com,Male,20,92,9,96,54,33,3,77.3
2489,Douglas,Harrison,douglas.harrison22@edu.com,Male,20,88,1,70,92,66,5,83.05
2490,Jason,Carrillo,jason.carrillo84@edu.com,Female,19,70,6,35,96,92,0,74.5
2491,Ryan,Mcintyre,ryan.mcintyre46@edu.com,Female,21,62,19,80,98,89,0,99.52
2492,Richard,Galloway,richard.galloway48@edu.com,Male,20,73,15,49,51,76,7,70.14
2493,Allison,Wright,allison.wright86@edu.com,Male,18,69,17,35,71,46,9,70.33
2494,Larry,Smith,larry.smith85@edu.com,Male,21,86,4,63,57,36,6,61.77
2495,Michelle,Jones,michelle.jones52@edu.com,Male,21,88,1,36,51,89,5,58.18
2496,Trevor,Ho,trevor.ho57@edu.com,Male,20,77,13,86,72,60,6,88.79
2497,Bradley,Porter,bradley.porter48@edu.com,Male,22,67,12,34,64,80,7,68.57
2498,Anne,Lane,anne.lane17@edu.com,Female,18,65,16,40,54,40,1,64.55
2499,Maria,Green,maria.green1@edu.com,Male,21,75,13,86,46,89,6,91.07
2500,Gina,Monroe,gina.monroe87@edu.com,Male,19,66,8,70,93,62,3,91.57
2501,Danny,Rodriguez,danny.rodriguez10@edu.com,Male,21,76,6,64,77,41,4,70.07
2502,Kimberly,Taylor,kimberly.taylor64@edu.com,Female,20,88,8,55,72,76,0,72.26
2503,Jeremy,Turner,jeremy.turner61@edu.com,Male,22,84,9,55,45,40,9,61.35
2504,Sheila,Landry,sheila.landry93@edu.com,Female,22,65,21,99,64,61,8,99.34
2505,Christopher,Miller,christopher.miller81@edu.com,Male,18,92,19,82,43,39,10,80.03
2506,Aaron,Jackson,aaron.jackson33@edu.com,Female,21,97,7,84,76,44,9,84.89
2507,Matthew,Taylor,matthew.taylor15@edu.com,Male,19,86,3,91,63,67,5,77.17
2508,Robert,Matthews,robert.matthews85@edu.com,Male,21,66,0,72,68,56,6,69.27
2509,Amy,Carr,amy.carr21@edu.com,Female,22,82,1,47,87,67,8,68.28
2510,Erin,Brewer,erin.brewer53@edu.com,Female,18,95,10,31,70,71,7,67.88
2511,Travis,Oneal,travis.oneal78@edu.com,Female,20,67,20,58,80,76,4,91.97
2512,Joshua,Jackson,joshua.jackson77@edu.com,Female,21,61,6,70,46,86,2,71.58
2513,Jason,Lopez,jason.lopez99@edu.com,Female,22,68,11,78,43,55,8,80.59
2514,Mary,Moses,mary.moses73@edu.com,Female,22,77,5,60,92,95,2,81.75
2515,James,Fields,james.fields47@edu.com,Female,20,87,6,67,92,84,10,87.58
2516,Mark,Daniel,mark.daniel63@edu.com,Male,21,85,3,67,83,57,2,73.51
2517,Michelle,Yates,michelle.yates85@edu.com,Male,22,62,1,64,76,48,8,67.86
2518,Paul,Bryan,paul.bryan79@edu.com,Female,20,98,20,61,50,40,1,76.42
2519,Kevin,Smith,kevin.smith15@edu.com,Male,21,66,20,34,83,87,9,86.08
2520,Michael,Scott,michael.scott26@edu.com,Female,18,94,0,89,46,44,6,71.55
2521,George,Joseph,george.joseph25@edu.com,Male,21,92,18,50,59,34,0,72.12
2522,Gina,Jackson,gina.jackson17@edu.com,Female,22,98,20,92,82,52,7,100.0
2523,Tiffany,Martinez,tiffany.martinez63@edu.com,Male,22,78,11,41,42,67,6,65.26
2524,Mary,Neal,mary.neal90@edu.com,Male,20,73,22,55,45,31,3,73.16
2525,Gabrielle,Lloyd,gabrielle.lloyd18@edu.com,Male,18,70,15,68,79,76,5,88.58
2526,Ryan,Davis,ryan.davis68@edu.com,Male,20,70,5,35,91,65,1,65.03
2527,Nicholas,Olsen,nicholas.olsen51@edu.com,Male,20,87,8,45,56,76,9,72.68
2528,Erin,Long,erin.long27@edu.com,Female,20,79,1,36,53,95,10,60.81
2529,Kimberly,Snyder,kimberly.snyder35@edu.com,Female,21,100,10,70,78,83,10,88.98
2530,Bailey,Bradford,bailey.bradford52@edu.com,Female,22,98,5,85,90,39,6,79.23
2531,Leah,Hanna,leah.hanna38@edu.com,Female,19,78,11,87,51,68,10,83.88
2532,William,Mitchell,william.mitchell80@edu.com,Female,22,64,8,31,72,51,2,56.31
2533,John,Howard,john.howard71@edu.com,Male,21,68,4,75,86,65,9,84.63
2534,Joseph,Gaines,joseph.gaines35@edu.com,Male,21,87,12,73,45,61,10,82.65
2535,Brian,Andrews,brian.andrews14@edu.com,Male,18,61,13,73,57,95,8,86.09
2536,Lisa,Brown,lisa.brown53@edu.com,Male,19,71,16,59,68,57,1,82.23
2537,Deborah,Wood,deborah.wood50@edu.com,Male,18,94,3,62,52,76,4,67.01
2538,Bryan,Nguyen,bryan.nguyen79@edu.com,Male,21,66,2,40,42,55,9,48.23
2539,Jordan,Sharp,jordan.sharp80@edu.com,Female,22,76,20,78,73,55,0,95.01
2540,Jennifer,Campbell,jennifer.campbell55@edu.com,Male,18,96,20,67,88,57,3,99.26
2541,Robert,Weaver,robert.weaver77@edu.com,Female,18,88,23,98,75,53,3,100.0
2542,Lindsay,Dawson,lindsay.dawson58@edu.com,Male,22,78,15,41,77,58,5,77.08
2543,Frank,Preston,frank.preston78@edu.com,Male,20,84,8,46,43,31,9,61.04
2544,Gina,Jackson,gina.jackson37@edu.com,Female,20,100,6,71,43,35,9,63.68
2545,William,Peterson,william.peterson53@edu.com,Female,19,66,6,54,76,62,6,69.06
2546,Patricia,Wells,patricia.wells79@edu.com,Female,19,64,3,75,49,83,2,72.06
2547,Sheila,Coffey,sheila.coffey58@edu.com,Female,20,66,3,65,51,59,2,65.97
2548,Thomas,Nguyen,thomas.nguyen73@edu.com,Male,19,66,13,85,96,38,6,86.99
2549,Jacob,Gordon,jacob.gordon23@edu.com,Female,20,66,12,100,43,92,2,90.38
2550,Victoria,Kline,victoria.kline94@edu.com,Female,21,71,16,53,91,90,7,89.72
2551,Teresa,Carr,teresa.carr98@edu.com,Female,20,93,22,81,95,68,1,100.0
2552,Andre,Frye,andre.frye47@edu.com,Female,20,76,4,97,67,47,5,81.3
2553,Ann,Curry,ann.curry22@edu.com,Female,20,95,9,82,77,51,4,83.62
2554,Christopher,Chaney,christopher.chaney10@edu.com,Male,21,68,2,50,72,91,8,68.59
2555,John,Williams,john.williams85@edu.com,Female,18,66,19,75,75,46,8,92.11
2556,Stephen,Taylor,stephen.taylor12@edu.com,Male,22,81,14,58,92,45,3,79.43
2557,Kyle,Ramirez,kyle.ramirez65@edu.com,Male,18,74,1,92,57,77,8,73.13
2558,Elizabeth,Strickland,elizabeth.strickland85@edu.com,Male,21,70,3,75,79,81,2,79.08
2559,Jennifer,Anderson,jennifer.anderson18@edu.com,Male,20,83,14,96,64,35,3,86.08
2560,Peter,Cooper,peter.cooper70@edu.com,Female,22,94,11,30,99,75,0,77.07
2561,Lori,Stephenson,lori.stephenson72@edu.com,Female,22,68,4,46,82,55,7,71.04
2562,John,Jackson,john.jackson92@edu.com,Male,20,75,15,62,80,71,3,85.14
2563,Samantha,Larson,samantha.larson54@edu.com,Female,19,87,12,32,44,54,9,59.72
2564,Kevin,Owen,kevin.owen24@edu.com,Female,18,100,14,42,77,38,3,75.76
2565,Courtney,Donovan,courtney.donovan82@edu.com,Male,21,93,1,61,96,52,1,75.08
2566,Ronald,Jackson,ronald.jackson96@edu.com,Male,21,95,13,77,80,85,1,93.42
2567,Leah,Long,leah.long34@edu.com,Female,18,90,22,87,66,37,5,97.92
2568,Diane,Mcdonald,diane.mcdonald68@edu.com,Female,22,65,0,53,85,57,5,66.88
2569,Jacob,Romero,jacob.romero22@edu.com,Female,18,91,15,81,46,65,8,85.23
2570,Jason,Wilkins,jason.wilkins89@edu.com,Male,22,94,23,68,43,68,5,86.59
2571,Rachael,Clark,rachael.clark98@edu.com,Female,21,79,17,40,65,35,3,70.41
2572,Charles,Gonzalez,charles.gonzalez43@edu.com,Female,19,87,11,62,79,74,2,87.45
2573,Laura,Morris,laura.morris89@edu.com,Female,20,84,8,37,61,40,2,61.32
2574,Barbara,Rice,barbara.rice24@edu.com,Male,19,71,0,66,69,37,5,60.48
2575,Samantha,Torres,samantha.torres35@edu.com,Male,22,89,16,43,87,42,6,81.65
2576,Kevin,Acosta,kevin.acosta49@edu.com,Female,20,96,9,36,83,72,5,73.56
2577,Melanie,Diaz,melanie.diaz21@edu.com,Male,21,100,17,30,44,86,9,72.02
2578,Christopher,Mejia,christopher.mejia53@edu.com,Male,22,100,15,100,74,87,8,100.0
2579,Michele,Davis,michele.davis68@edu.com,Male,18,84,20,89,93,31,10,97.06
2580,William,Williams,william.williams5@edu.com,Female,22,63,12,41,87,72,0,77.41
2581,Veronica,Ruiz,veronica.ruiz19@edu.com,Male,22,97,10,52,92,58,5,78.8
2582,April,Moon,april.moon89@edu.com,Female,19,72,20,41,50,59,2,73.22
2583,Sherry,Shelton,sherry.shelton87@edu.com,Female,21,94,9,53,49,75,7,73.76
2584,Courtney,Phillips,courtney.phillips21@edu.com,Female,21,100,14,70,66,56,6,87.75
2585,Daniel,King,daniel.king58@edu.com,Male,19,74,18,32,67,89,4,75.71
2586,Anna,Salazar,anna.salazar51@edu.com,Female,20,87,18,79,63,58,2,90.19
2587,Jason,Morales,jason.morales56@edu.com,Female,22,75,18,72,47,49,4,80.4
2588,Danielle,Houston,danielle.houston2@edu.com,Female,22,90,3,64,43,47,10,62.89
2589,David,Warner,david.warner48@edu.com,Male,21,100,0,76,90,78,8,85.33
2590,Jeremy,Huff,jeremy.huff31@edu.com,Male,22,74,10,86,54,81,6,88.53
2591,Donna,Ingram,donna.ingram33@edu.com,Female,18,68,12,97,82,80,8,99.34
2592,Justin,Sandoval,justin.sandoval61@edu.com,Female,20,62,2,75,93,88,4,86.69
2593,Deborah,Ellis,deborah.ellis6@edu.com,Male,22,88,6,68,42,78,7,72.02
2594,Sarah,Duran,sarah.duran19@edu.com,Male,20,78,18,65,74,77,10,91.88
2595,Joseph,Ramsey,joseph.ramsey47@edu.com,Female,19,77,10,89,71,91,1,92.61
2596,Charles,Roy,charles.roy47@edu.com,Male,22,65,5,89,63,92,8,89.66
2597,Mark,Bentley,mark.bentley98@edu.com,Male,20,87,2,55,75,89,3,74.83
2598,Cynthia,Jones,cynthia.jones16@edu.com,Female,21,68,7,39,69,43,10,69.26
2599,Anthony,Butler,anthony.butler31@edu.com,Female,19,72,15,59,47,36,4,74.08
2600,Barbara,Evans,barbara.evans6@edu.com,Female,22,100,19,77,60,91,8,97.48
2601,Karla,Moore,karla.moore95@edu.com,Female,20,66,11,89,66,89,2,90.25
2602,Alexis,Jones,alexis.jones29@edu.com,Male,21,82,9,71,56,43,7,76.24
2603,Kelly,Reed,kelly.reed60@edu.com,Female,22,90,0,84,94,95,2,94.23
2604,Mark,Gates,mark.gates34@edu.com,Female,21,67,3,50,60,70,7,64.76
2605,Melvin,Dean,melvin.dean46@edu.com,Male,20,89,15,66,40,66,6,75.61
2606,Rachel,Miller,rachel.miller29@edu.com,Female,19,66,1,43,43,82,2,47.9
2607,Dawn,Montgomery,dawn.montgomery69@edu.com,Male,20,83,12,33,43,69,9,61.37
2608,Dawn,Garza,dawn.garza52@edu.com,Male,19,73,19,31,62,41,2,67.53
2609,Sheri,Jones,sheri.jones52@edu.com,Female,22,98,21,57,52,83,0,82.7
2610,John,Collier,john.collier29@edu.com,Female,22,74,0,42,53,51,2,52.62
2611,William,Vasquez,william.vasquez4@edu.com,Male,20,74,10,51,41,72,1,65.82
2612,Dawn,Moreno,dawn.moreno86@edu.com,Male,19,83,1,78,80,91,4,84.85
2613,Caroline,Parker,caroline.parker59@edu.com,Male,18,63,18,74,44,79,2,91.09
2614,Bob,Thompson,bob.thompson6@edu.com,Male,22,60,13,37,52,85,9,66.57
2615,Michael,Hernandez,michael.hernandez60@edu.com,Female,20,90,18,43,77,85,8,86.19
2616,Anthony,Welch,anthony.welch59@edu.com,Male,18,93,4,91,68,88,10,93.64
2617,Jessica,Fischer,jessica.fischer28@edu.com,Female,21,95,9,62,80,49,0,73.76
2618,Jessica,Lucas,jessica.lucas23@edu.com,Male,21,64,11,35,78,35,8,63.87
2619,Noah,Brewer,noah.brewer34@edu.com,Female,21,75,9,97,85,36,0,85.55
2620,Dan,Jones,dan.jones73@edu.com,Male,20,78,14,56,63,32,2,64.95
2621,Ronald,Moyer,ronald.moyer36@edu.com,Male,19,93,15,74,94,50,2,90.6
2622,Kenneth,Decker,kenneth.decker61@edu.com,Female,18,86,3,86,97,95,1,95.47
2623,William,Smith,william.smith55@edu.com,Male,21,75,14,32,62,31,5,58.03
2624,Ruth,Rivas,ruth.rivas11@edu.com,Male,18,88,20,59,49,61,5,79.26
2625,Gary,Branch,gary.branch14@edu.com,Male,20,93,12,68,62,58,5,79.91
2626,Johnny,Price,johnny.price84@edu.com,Female,18,71,22,52,73,50,1,87.05
2627,Kelly,Jones,kelly.jones69@edu.com,Female,18,93,6,86,77,91,8,93.56
2628,Thomas,Wagner,thomas.wagner97@edu.com,Female,21,80,17,40,71,32,3,68.22
2629,Anthony,Smith,anthony.smith97@edu.com,Female,21,93,9,69,42,91,8,77.43
2630,Derek,Barnes,derek.barnes88@edu.com,Female,18,60,10,82,42,69,3,77.95
2631,Briana,Weiss,briana.weiss20@edu.com,Female,20,94,4,47,95,92,2,81.01
2632,Gary,Fisher,gary.fisher56@edu.com,Female,20,95,19,32,51,69,1,70.12
2633,Steven,Schmidt,steven.schmidt63@edu.com,Female,22,68,14,71,77,57,0,83.6
2634,Daniel,Ray,daniel.ray4@edu.com,Female,21,79,21,61,67,75,3,87.29
2635,Brooke,Thompson,brooke.thompson3@edu.com,Female,18,80,16,90,64,79,8,98.19
2636,Ashley,Walter,ashley.walter91@edu.com,Female,19,93,11,45,85,67,6,77.49
2637,Heather,Cooper,heather.cooper65@edu.com,Female,22,86,12,55,85,33,5,78.3
2638,Jasmine,Walker,jasmine.walker34@edu.com,Male,22,86,5,81,41,58,3,74.86
2639,Debbie,Mcgrath,debbie.mcgrath13@edu.com,Male,21,97,18,31,49,63,0,69.21
2640,Kevin,Roberts,kevin.roberts91@edu.com,Female,21,84,3,40,73,42,1,54.17
2641,Michael,Smith,michael.smith61@edu.com,Male,19,95,3,98,92,77,7,95.02
2642,Mark,Fisher,mark.fisher72@edu.com,Male,18,88,11,89,93,50,3,94.68
2643,Joshua,Rodriguez,joshua.rodriguez77@edu.com,Male,20,84,17,82,72,47,8,91.46
2644,Anthony,Thomas,anthony.thomas11@edu.com,Male,21,92,21,81,62,35,1,88.44
2645,Susan,Scott,susan.scott83@edu.com,Female,21,97,8,70,52,56,5,74.43
2646,Morgan,Jackson,morgan.jackson96@edu.com,Female,21,73,23,58,82,32,3,80.9
2647,Kevin,West,kevin.west24@edu.com,Female,19,65,17,68,79,82,8,83.71
2648,Brian,Vargas,brian.vargas95@edu.com,Female,18,99,12,91,91,61,4,100.0
2649,Kimberly,Ashley,kimberly.ashley47@edu.com,Female,18,65,17,56,56,91,1,84.7
2650,Michele,Bryant,michele.bryant3@edu.com,Female,22,61,13,53,43,87,4,75.53
2651,Seth,Parrish,seth.parrish87@edu.com,Male,20,83,23,95,81,46,7,100.0
2652,Randy,Parks,randy.parks78@edu.com,Female,20,89,12,99,45,60,10,90.94
2653,Christopher,Hale,christopher.hale98@edu.com,Male,18,89,18,72,84,35,0,94.06
2654,Natalie,Fischer,natalie.fischer12@edu.com,Female,22,94,21,79,97,92,7,100.0
2655,Anthony,Edwards,anthony.edwards73@edu.com,Male,18,79,17,68,59,54,0,81.19
2656,Sarah,Davis,sarah.davis86@edu.com,Male,18,96,3,73,83,50,9,77.39
2657,Samantha,Bell,samantha.bell80@edu.com,Male,22,60,13,44,63,79,6,73.39
2658,Sarah,Pollard,sarah.pollard87@edu.com,Female,19,74,17,64,44,57,8,80.6
2659,Jill,Adams,jill.adams30@edu.com,Male,18,80,12,41,72,85,4,72.12
2660,William,Vargas,william.vargas83@edu.com,Male,21,77,2,89,76,72,7,80.8
2661,Anna,Crosby,anna.crosby3@edu.com,Female,18,73,19,90,91,32,1,94.37
2662,Natalie,Vasquez,natalie.vasquez91@edu.com,Male,21,77,8,35,83,88,4,73.53
2663,Kathleen,Alvarado,kathleen.alvarado2@edu.com,Male,18,96,16,76,88,63,4,97.7
2664,Chad,Miller,chad.miller54@edu.com,Male,18,71,14,66,58,56,8,74.39
2665,Scott,Camacho,scott.camacho50@edu.com,Male,21,88,7,98,48,61,3,82.47
2666,Faith,Perez,faith.perez43@edu.com,Female,21,85,2,80,90,31,7,73.15
2667,Christopher,Mays,christopher.mays27@edu.com,Female,19,92,24,91,40,89,10,97.7
2668,Dennis,Forbes,dennis.forbes49@edu.com,Female,19,99,9,30,85,47,10,61.81
2669,Ray,Cobb,ray.cobb62@edu.com,Male,22,63,8,83,51,72,3,76.06
2670,Matthew,Hawkins,matthew.hawkins98@edu.com,Male,18,65,1,80,83,72,8,82.52
2671,Bruce,Jones,bruce.jones62@edu.com,Male,21,74,15,54,94,59,0,77.16
2672,David,Mclaughlin,david.mclaughlin72@edu.com,Female,19,95,2,59,92,67,3,75.72
2673,Margaret,Parrish,margaret.parrish34@edu.com,Female,21,77,20,38,73,62,10,84.0
2674,Thomas,Barrera,thomas.barrera81@edu.com,Male,22,63,21,45,57,49,3,73.69
2675,Mary,Collins,mary.collins87@edu.com,Male,22,75,15,67,41,91,6,80.61
2676,Larry,Tran,larry.tran89@edu.com,Male,20,77,3,95,99,50,8,88.38
2677,Theresa,Nelson,theresa.nelson79@edu.com,Male,22,89,4,68,53,68,6,72.93
2678,Ronald,Trujillo,ronald.trujillo69@edu.com,Female,18,98,11,91,76,41,5,87.1
2679,Steven,Jones,steven.jones13@edu.com,Female,22,68,0,98,74,95,1,89.6
2680,Anna,Patel,anna.patel89@edu.com,Female,19,82,5,55,47,62,1,63.14
2681,Karen,Lewis,karen.lewis12@edu.com,Male,19,72,5,31,91,85,6,70.77
2682,Maria,Burns,maria.burns8@edu.com,Female,18,67,23,73,84,64,4,91.73
2683,Antonio,Harvey,antonio.harvey95@edu.com,Female,19,88,24,38,57,92,6,87.56
2684,Mary,Cruz,mary.cruz27@edu.com,Male,19,65,1,70,91,72,6,78.9
2685,Lori,Rodriguez,lori.rodriguez90@edu.com,Female,20,73,15,47,63,75,8,79.97
2686,Laura,Scott,laura.scott77@edu.com,Female,22,94,8,57,49,46,2,66.35
2687,Matthew,James,matthew.james3@edu.com,Female,19,81,8,62,94,64,1,78.2
2688,Brandy,Moreno,brandy.moreno11@edu.com,Female,20,70,3,79,91,56,8,83.6
2689,Kristin,Jones,kristin.jones2@edu.com,Male,20,69,3,80,92,69,2,79.17
2690,Latoya,Hill,latoya.hill89@edu.com,Male,21,87,8,69,53,51,3,66.72
2691,Matthew,Hall,matthew.hall55@edu.com,Female,19,60,2,38,79,51,8,57.79
2692,Lisa,Neal,lisa.neal15@edu.com,Male,22,85,1,92,88,74,9,94.68
2693,Jennifer,Griffin,jennifer.griffin19@edu.com,Female,19,76,4,97,59,34,5,80.52
2694,Andrea,Gonzales,andrea.gonzales9@edu.com,Female,21,83,14,58,61,92,10,90.22
2695,Deanna,Rodriguez,deanna.rodriguez3@edu.com,Female,21,74,13,75,68,58,3,80.52
2696,Carl,Jackson,carl.jackson93@edu.com,Female,19,96,4,78,76,52,0,79.24
2697,Rodney,Nguyen,rodney.nguyen66@edu.com,Female,22,69,5,100,77,84,7,93.77
2698,Jasmine,Conrad,jasmine.conrad83@edu.com,Male,22,75,6,69,49,86,4,74.04
2699,Patrick,Dorsey,patrick.dorsey25@edu.com,Male,22,82,10,76,100,56,8,96.43
2700,Janet,Palmer,janet.palmer41@edu.com,Male,18,75,20,61,52,85,4,89.96
2701,Gary,Miller,gary.miller40@edu.com,Female,20,60,23,67,56,80,8,88.86
2702,Jennifer,Jones,jennifer.jones8@edu.com,Male,22,99,1,43,50,67,5,63.23
2703,Patrick,Kaiser,patrick.kaiser42@edu.com,Female,21,66,4,99,99,75,6,98.1
2704,Mitchell,Hunt,mitchell.hunt34@edu.com,Male,19,94,22,54,75,83,1,92.97
2705,Caitlin,Stevens,caitlin.stevens61@edu.com,Male,19,65,14,79,92,37,3,92.95
2706,Jason,Young,jason.young68@edu.com,Male,19,60,6,68,64,81,10,82.54
2707,Bradley,Moreno,bradley.moreno39@edu.com,Male,18,65,19,58,56,84,7,84.56
2708,Dawn,Owen,dawn.owen88@edu.com,Female,20,61,8,59,54,46,1,66.95
2709,Alexander,Martinez,alexander.martinez95@edu.com,Female,20,71,8,97,93,39,10,89.38
2710,Kristy,Ryan,kristy.ryan84@edu.com,Female,19,95,4,77,84,84,10,90.96
2711,Benjamin,Skinner,benjamin.skinner81@edu.com,Female,22,72,13,86,90,40,6,86.72
2712,Tonya,Duke,tonya.duke59@edu.com,Female,19,80,2,97,64,91,9,88.04
2713,Tammy,Greer,tammy.greer52@edu.com,Male,19,98,23,64,89,65,5,97.54
2714,Jenny,Mullen,jenny.mullen5@edu.com,Male,21,85,24,67,62,46,3,90.17
2715,James,Gutierrez,james.gutierrez60@edu.com,Male,19,73,18,83,64,81,5,88.68
2716,Amanda,Cardenas,amanda.cardenas11@edu.com,Female,20,77,9,69,69,95,2,88.63
2717,Connor,Medina,connor.medina46@edu.com,Female,22,62,8,38,51,87,3,62.36
2718,Alexandra,Salazar,alexandra.salazar81@edu.com,Female,20,87,1,91,65,41,5,76.52
2719,Bryan,Walsh,bryan.walsh85@edu.com,Female,19,74,23,35,92,53,1,83.17
2720,Michael,Vincent,michael.vincent66@edu.com,Female,21,72,19,80,61,84,7,100.0
2721,Colin,Dunn,colin.dunn90@edu.com,Female,19,96,8,51,100,71,4,88.46
2722,Richard,Johnson,richard.johnson61@edu.com,Male,21,75,2,44,99,66,8,77.39
2723,David,Webster,david.webster59@edu.com,Female,18,93,10,75,90,85,6,93.84
2724,Alex,Jones,alex.jones96@edu.com,Female,21,75,10,30,42,32,6,48.94
2725,Jessica,Fry,jessica.fry11@edu.com,Female,18,86,20,57,90,32,6,89.49
2726,Danielle,Hart,danielle.hart43@edu.com,Male,22,72,22,62,41,63,9,79.82
2727,Deanna,Ortiz,deanna.ortiz89@edu.com,Female,20,85,22,90,82,77,10,100.0
2728,William,Summers,william.summers23@edu.com,Female,19,67,19,84,95,30,6,100.0
2729,Thomas,Sparks,thomas.sparks54@edu.com,Male,21,69,2,96,70,40,0,75.9
2730,Cynthia,King,cynthia.king73@edu.com,Male,18,83,23,55,88,43,7,89.87
2731,Paul,Strickland,paul.strickland19@edu.com,Female,22,60,14,75,52,45,1,72.21
2732,Tiffany,Ball,tiffany.ball9@edu.com,Female,22,97,9,69,98,48,1,87.27
2733,Amanda,Smith,amanda.smith78@edu.com,Female,20,68,6,38,85,73,10,67.72
2734,Dylan,Jackson,dylan.jackson74@edu.com,Male,18,87,12,67,59,74,2,79.63
2735,Vanessa,Robles,vanessa.robles83@edu.com,Male,21,69,13,46,66,53,0,73.32
2736,Lisa,Wilson,lisa.wilson2@edu.com,Female,22,98,15,58,93,75,1,95.5
2737,Keith,Scott,keith.scott98@edu.com,Female,21,70,4,64,98,91,9,84.04
2738,Kelsey,Romero,kelsey.romero38@edu.com,Male,20,74,8,99,81,89,7,98.5
2739,Courtney,Horn,courtney.horn69@edu.com,Male,20,64,7,51,93,75,8,78.43
2740,Patrick,Bell,patrick.bell54@edu.com,Female,19,82,20,51,94,67,3,88.22
2741,Timothy,Huang,timothy.huang68@edu.com,Male,18,61,23,48,88,79,1,92.15
2742,Mary,Hutchinson,mary.hutchinson10@edu.com,Male,21,70,9,69,90,91,6,89.87
2743,Nicholas,Barnett,nicholas.barnett79@edu.com,Female,18,65,13,87,98,83,8,100.0
2744,Jason,Riddle,jason.riddle93@edu.com,Female,22,67,11,71,46,74,9,77.62
2745,Kelly,Martinez,kelly.martinez66@edu.com,Male,20,98,22,82,94,56,4,100.0
2746,John,Sharp,john.sharp68@edu.com,Male,19,99,6,88,48,82,10,84.37
2747,Ellen,Suarez,ellen.suarez17@edu.com,Male,20,81,17,61,70,86,4,89.94
2748,Cynthia,Garrett,cynthia.garrett56@edu.com,Male,20,70,7,30,52,45,0,52.49
2749,Mary,Potter,mary.potter31@edu.com,Male,22,69,2,66,86,51,3,68.93
2750,Claudia,Green,claudia.green29@edu.com,Male,22,82,6,48,75,37,9,68.22
2751,Nicole,Austin,nicole.austin69@edu.com,Male,18,76,9,52,95,58,0,77.75
2752,Rita,Freeman,rita.freeman18@edu.com,Male,21,66,6,88,43,55,10,70.12
2753,Kevin,Jones,kevin.jones44@edu.com,Male,19,74,7,37,85,90,8,77.16
2754,Chelsea,Ross,chelsea.ross9@edu.com,Male,19,92,18,75,83,52,5,89.67
2755,Jacqueline,Hayes,jacqueline.hayes39@edu.com,Male,18,66,8,88,56,85,9,86.5
2756,Sandra,Gentry,sandra.gentry36@edu.com,Female,18,89,3,48,51,34,2,56.73
2757,Elizabeth,Richards,elizabeth.richards39@edu.com,Male,22,94,11,98,65,43,9,92.1
2758,Lindsay,Robinson,lindsay.robinson53@edu.com,Female,22,69,7,59,98,44,3,76.96
2759,Kathy,Clements,kathy.clements67@edu.com,Female,22,65,6,98,81,66,3,94.42
2760,Barry,Mercer,barry.mercer98@edu.com,Female,19,65,21,45,69,53,8,79.07
2761,Tracy,Roy,tracy.roy40@edu.com,Female,21,80,6,86,67,77,3,82.9
2762,Kevin,Wu,kevin.wu89@edu.com,Male,19,60,5,73,59,78,6,68.69
2763,Jennifer,Morton,jennifer.morton52@edu.com,Male,18,77,18,86,66,49,3,84.84
2764,Edward,Blackburn,edward.blackburn61@edu.com,Male,20,85,17,57,42,39,8,73.31
2765,Hannah,Johnson,hannah.johnson59@edu.com,Female,21,79,2,56,86,95,10,77.99
2766,Amanda,Lopez,amanda.lopez91@edu.com,Female,22,64,17,82,66,84,1,91.78
2767,Anita,Gordon,anita.gordon41@edu.com,Male,18,70,22,38,73,56,10,73.43
2768,Rebecca,Jackson,rebecca.jackson87@edu.com,Male,19,91,2,35,91,47,2,59.44
2769,Austin,Wilson,austin.wilson19@edu.com,Male,18,61,9,84,91,64,10,92.98
2770,Michael,Henderson,michael.henderson40@edu.com,Female,18,67,3,62,92,81,3,76.08
2771,Antonio,Sexton,antonio.sexton74@edu.com,Female,18,85,24,97,54,39,2,90.52
2772,Karen,Gilmore,karen.gilmore82@edu.com,Male,18,85,4,70,92,50,6,80.63
2773,Daniel,Arnold,daniel.arnold86@edu.com,Male,21,60,3,98,49,68,7,79.96
2774,Hannah,Skinner,hannah.skinner27@edu.com,Female,22,96,22,74,58,79,1,90.84
2775,Deborah,Wolfe,deborah.wolfe10@edu.com,Male,20,64,23,89,92,71,10,100.0
2776,Kathy,Bell,kathy.bell62@edu.com,Female,21,80,10,81,66,80,5,87.37
2777,Luis,Lopez,luis.lopez4@edu.com,Male,22,79,24,53,86,53,2,87.75
2778,Bianca,Lewis,bianca.lewis44@edu.com,Female,18,80,14,78,74,78,10,93.82
2779,David,Williams,david.williams84@edu.com,Male,22,83,6,33,81,69,4,73.45
2780,Joshua,Sharp,joshua.sharp78@edu.com,Female,21,98,23,42,45,90,2,81.73
2781,Kelly,Wilson,kelly.wilson68@edu.com,Male,19,76,1,76,81,46,10,73.17
2782,Melanie,Welch,melanie.welch20@edu.com,Male,22,75,8,93,85,51,4,91.08
2783,Julia,Thornton,julia.thornton71@edu.com,Female,22,62,3,59,49,75,4,67.86
2784,Tammy,Summers,tammy.summers25@edu.com,Male,20,96,4,91,49,42,9,74.19
2785,Susan,Patton,susan.patton75@edu.com,Male,20,78,0,96,70,75,5,79.24
2786,David,Ross,david.ross88@edu.com,Female,20,68,20,44,58,82,0,76.12
2787,Ryan,Daniels,ryan.daniels4@edu.com,Female,22,88,20,38,50,79,10,72.48
2788,Samantha,Watson,samantha.watson76@edu.com,Male,22,73,12,80,79,48,1,85.45
2789,Holly,Hawkins,holly.hawkins35@edu.com,Female,20,78,3,39,44,68,5,60.89
2790,Alejandro,Farmer,alejandro.farmer58@edu.com,Female,20,74,17,54,60,87,10,80.71
2791,Danielle,Morris,danielle.morris36@edu.com,Female,20,64,15,56,52,61,7,70.76
2792,Daniel,Washington,daniel.washington44@edu.com,Male,22,100,8,96,73,82,0,92.53
2793,Gary,Stewart,gary.stewart56@edu.com,Female,18,81,19,98,75,66,0,98.97
2794,Scott,Campbell,scott.campbell52@edu.com,Male,20,84,14,61,95,80,7,90.91
2795,Julie,Greene,julie.greene1@edu.com,Female,19,61,21,76,67,73,9,94.72
2796,Michael,Sanchez,michael.sanchez42@edu.com,Male,20,83,18,38,95,55,0,78.75
2797,Henry,Roth,henry.roth5@edu.com,Male,19,67,24,80,85,48,4,96.67
2798,Christopher,Sandoval,christopher.sandoval50@edu.com,Male,22,99,17,38,54,34,9,69.37
2799,Steve,Harmon,steve.harmon92@edu.com,Male,20,100,7,30,55,50,8,54.48
2800,Stephanie,Carr,stephanie.carr76@edu.com,Female,20,68,9,51,97,95,1,88.44
2801,Veronica,Page,veronica.page8@edu.com,Male,19,71,4,63,54,48,1,61.67
2802,Daniel,Briggs,daniel.briggs88@edu.com,Female,21,81,0,77,74,36,4,66.64
2803,Tracy,Ayala,tracy.ayala73@edu.com,Female,19,64,6,39,56,33,2,50.6
2804,George,Norton,george.norton17@edu.com,Male,21,72,22,44,59,75,0,87.4
2805,Samantha,Nguyen,samantha.nguyen90@edu.com,Female,18,97,10,48,80,74,2,81.24
2806,Donna,Wheeler,donna.wheeler39@edu.com,Male,20,94,15,36,70,78,4,78.51
2807,Christine,Ellis,christine.ellis72@edu.com,Female,19,73,15,51,52,64,6,75.49
2808,Gary,Castaneda,gary.castaneda90@edu.com,Female,22,61,0,74,58,69,2,63.21
2809,David,Park,david.park72@edu.com,Male,19,89,13,80,89,87,4,100.0
2810,Patricia,Holmes,patricia.holmes4@edu.com,Male,19,92,13,71,62,76,9,84.62
2811,Marvin,Johnson,marvin.johnson60@edu.com,Female,20,90,8,65,63,52,4,75.58
2812,Michael,Brooks,michael.brooks72@edu.com,Male,22,63,14,30,92,76,3,80.3
2813,Alyssa,Snyder,alyssa.snyder65@edu.com,Female,19,63,4,54,55,71,8,63.36
2814,Caitlin,Butler,caitlin.butler69@edu.com,Female,22,91,17,100,41,75,8,98.86
2815,Karen,Henry,karen.henry29@edu.com,Female,21,74,23,74,70,92,2,100.0
2816,Brian,Smith,brian.smith45@edu.com,Male,19,62,17,75,83,40,7,86.03
2817,Thomas,Hunt,thomas.hunt58@edu.com,Male,18,92,2,81,60,52,2,76.83
2818,Michael,Ramirez,michael.ramirez94@edu.com,Male,21,68,17,86,51,88,2,91.38
2819,Howard,Harrington,howard.harrington10@edu.com,Female,20,81,12,30,87,77,5,72.92
2820,Susan,Thompson,susan.thompson21@edu.com,Male,21,93,11,31,100,52,4,75.1
2821,Tiffany,Roberts,tiffany.roberts37@edu.com,Male,22,65,7,99,88,59,0,94.28
2822,Joanna,Parker,joanna.parker83@edu.com,Male,22,93,17,50,47,46,0,71.98
2823,Regina,Keller,regina.keller22@edu.com,Female,18,65,9,98,88,49,6,93.72
2824,Craig,Cooper,craig.cooper38@edu.com,Female,19,63,2,39,61,35,6,49.25
2825,John,Hicks,john.hicks41@edu.com,Male,21,68,2,88,83,38,1,76.17
2826,Shirley,Merritt,shirley.merritt96@edu.com,Male,21,95,15,70,76,66,1,91.6
2827,Joseph,Matthews,joseph.matthews47@edu.com,Male,20,72,19,98,58,58,6,94.96
2828,Sean,Lewis,sean.lewis54@edu.com,Female,18,100,3,72,91,88,2,87.07
2829,Courtney,Conner,courtney.conner89@edu.com,Male,19,99,18,73,96,57,3,100.0
2830,Marcus,Nelson,marcus.nelson90@edu.com,Female,20,79,0,70,100,57,6,80.58
2831,Vanessa,Garza,vanessa.garza59@edu.com,Female,21,82,15,97,84,87,5,100.0
2832,Kathleen,James,kathleen.james91@edu.com,Female,20,89,10,60,97,43,3,86.03
2833,Adam,Evans,adam.evans80@edu.com,Female,18,93,10,59,76,49,8,75.89
2834,Michael,Wolfe,michael.wolfe85@edu.com,Female,22,61,3,43,76,75,6,62.72
2835,Dawn,Lee,dawn.lee41@edu.com,Female,18,81,19,54,79,44,3,85.1
2836,Gary,Weaver,gary.weaver38@edu.com,Female,19,84,12,47,79,35,3,66.99
2837,Ariana,Roth,ariana.roth44@edu.com,Male,20,88,16,40,54,66,10,73.25
2838,Robert,Taylor,robert.taylor74@edu.com,Female,18,90,4,35,93,31,9,62.34
2839,Nathan,Moore,nathan.moore7@edu.com,Female,22,91,7,35,51,58,4,61.67
2840,Holly,Rogers,holly.rogers61@edu.com,Female,19,100,18,50,85,30,0,79.03
2841,Kimberly,Jefferson,kimberly.jefferson24@edu.com,Male,21,88,17,69,55,91,6,87.01
2842,Andrew,Wilson,andrew.wilson43@edu.com,Male,21,76,3,36,99,38,4,59.68
2843,Robert,Sellers,robert.sellers24@edu.com,Female,21,72,15,66,62,49,8,78.71
2844,Daniel,Patterson,daniel.patterson50@edu.com,Male,22,72,19,93,96,78,9,100.0
2845,Margaret,Vasquez,margaret.vasquez29@edu.com,Female,19,88,20,54,51,69,2,77.58
2846,Susan,Gibson,susan.gibson57@edu.com,Male,18,95,20,40,76,95,0,85.14
2847,Richard,Webb,richard.webb88@edu.com,Male,19,78,9,100,84,70,0,95.26
2848,Terrance,Robinson,terrance.robinson17@edu.com,Male,22,67,7,84,46,93,3,83.18
2849,Frederick,Peterson,frederick.peterson24@edu.com,Male,19,66,2,43,46,54,2,49.14
2850,Jonathan,Hart,jonathan.hart2@edu.com,Male,20,98,15,63,92,77,5,93.6
2851,Mary,Colon,mary.colon1@edu.com,Female,18,100,23,96,75,89,4,100.0
2852,Victoria,Alvarez,victoria.alvarez88@edu.com,Male,20,61,12,31,47,43,10,60.62
2853,Betty,Chapman,betty.chapman53@edu.com,Male,20,92,6,31,76,92,2,68.56
2854,Michael,Stanley,michael.stanley77@edu.com,Female,20,87,12,73,79,76,5,87.47
2855,Lori,Jones,lori.jones57@edu.com,Male,21,74,19,41,64,75,9,75.76
2856,Anthony,Hatfield,anthony.hatfield47@edu.com,Female,20,92,1,33,64,38,4,50.12
2857,Madison,Drake,madison.drake5@edu.com,Male,18,80,15,49,54,44,2,72.56
2858,Wendy,Weber,wendy.weber81@edu.com,Female,20,79,8,32,74,46,8,57.59
2859,Samantha,Walker,samantha.walker28@edu.com,Male,19,71,10,84,55,48,8,76.36
2860,Tanya,Campbell,tanya.campbell28@edu.com,Male,21,82,10,37,80,47,1,65.89
2861,Travis,Fletcher,travis.fletcher88@edu.com,Male,19,82,2,58,69,70,4,69.8
2862,Steven,Solis,steven.solis79@edu.com,Female,19,93,22,79,73,69,6,100.0
2863,Linda,Villa,linda.villa66@edu.com,Female,20,60,17,74,70,41,7,84.36
2864,Sean,Hunt,sean.hunt23@edu.com,Female,20,68,7,71,100,34,1,80.0
2865,Darrell,Wheeler,darrell.wheeler96@edu.com,Male,19,90,10,89,70,59,9,91.99
2866,Mary,Hayes,mary.hayes28@edu.com,Female,18,60,5,34,40,63,1,55.43
2867,Bryan,Lee,bryan.lee85@edu.com,Female,21,78,23,73,72,43,3,94.95
2868,Robert,Lamb,robert.lamb63@edu.com,Female,22,97,17,70,91,84,5,97.12
2869,Nancy,Doyle,nancy.doyle29@edu.com,Male,19,78,17,79,43,93,6,89.28
2870,Patrick,Myers,patrick.myers3@edu.com,Male,20,69,15,68,48,80,3,76.22
2871,Alison,Miller,alison.miller77@edu.com,Female,19,88,21,31,90,52,6,81.84
2872,Brent,Acosta,brent.acosta69@edu.com,Male,18,68,15,79,63,47,3,84.27
2873,Edward,Willis,edward.willis40@edu.com,Male,19,62,21,45,46,88,0,74.76
2874,Alan,Robles,alan.robles76@edu.com,Male,19,98,22,68,90,87,9,100.0
2875,Richard,Hart,richard.hart39@edu.com,Female,18,76,11,99,76,36,7,88.11
2876,Randy,Robles,randy.robles54@edu.com,Female,19,64,9,39,93,90,3,72.38
2877,Samuel,Gonzalez,samuel.gonzalez1@edu.com,Female,19,76,21,47,67,67,3,83.37
2878,Brian,Diaz,brian.diaz69@edu.com,Male,22,86,2,43,88,90,6,73.35
2879,Mary,Campos,mary.campos4@edu.com,Female,21,67,13,32,100,69,10,81.68
2880,John,Johnson,john.johnson69@edu.com,Male,19,78,15,75,90,50,3,91.15
2881,Debra,Burns,debra.burns69@edu.com,Male,18,82,14,55,66,56,4,77.32
2882,Robert,Johnson,robert.johnson9@edu.com,Female,22,62,14,94,78,34,3,88.75
2883,Carolyn,Green,carolyn.green71@edu.com,Female,20,91,9,43,94,57,9,79.62
2884,Rodney,Dunn,rodney.dunn18@edu.com,Female,18,72,16,69,47,85,10,84.94
2885,Michael,Garcia,michael.garcia34@edu.com,Male,22,88,6,33,89,61,8,69.94
2886,Kayla,Johnson,kayla.johnson85@edu.com,Male,18,90,15,51,86,85,5,87.14
2887,Michele,Carr,michele.carr50@edu.com,Male,18,81,4,66,70,67,2,70.81
2888,Kelsey,Jackson,kelsey.jackson32@edu.com,Female,20,91,17,58,74,59,4,78.76
2889,Chelsey,Howell,chelsey.howell41@edu.com,Female,20,88,17,59,92,91,3,97.1
2890,Tyler,Washington,tyler.washington70@edu.com,Female,18,67,12,73,67,52,9,82.03
2891,Nancy,Cooper,nancy.cooper2@edu.com,Female,21,94,6,59,83,72,10,77.99
2892,Timothy,Mack,timothy.mack11@edu.com,Male,22,66,22,65,59,93,4,92.18
2893,James,Morgan,james.morgan11@edu.com,Female,22,73,15,59,40,88,8,80.88
2894,Amber,Cohen,amber.cohen39@edu.com,Male,18,97,1,87,63,70,2,80.94
2895,Patrick,Mcdonald,patrick.mcdonald8@edu.com,Male,22,87,22,93,68,60,1,99.59
2896,Timothy,Silva,timothy.silva62@edu.com,Female,22,61,13,36,95,64,10,81.71
2897,Eric,Lucero,eric.lucero27@edu.com,Female,21,76,12,96,89,59,0,96.54
2898,Brian,Pittman,brian.pittman50@edu.com,Male,22,98,6,88,73,80,3,93.25
2899,Steven,Sharp,steven.sharp70@edu.com,Female,22,72,7,99,61,79,6,88.24
2900,Joseph,Chapman,joseph.chapman19@edu.com,Female,18,81,0,100,54,73,8,75.11
2901,Patricia,Perry,patricia.perry72@edu.com,Female,18,85,20,92,88,83,1,100.0
2902,Danny,Brown,danny.brown28@edu.com,Female,19,85,11,79,84,32,5,80.85
2903,Paul,Jones,paul.jones54@edu.com,Female,19,61,17,95,44,35,5,80.35
2904,Paul,Bradford,paul.bradford72@edu.com,Male,19,64,3,63,69,87,6,82.64
2905,Grant,King,grant.king82@edu.com,Female,21,80,18,86,40,89,2,86.59
2906,Vanessa,Sanders,vanessa.sanders26@edu.com,Female,22,73,12,47,52,80,4,69.11
2907,Thomas,Floyd,thomas.floyd35@edu.com,Male,21,64,9,69,46,75,8,72.9
2908,Robert,Coleman,robert.coleman38@edu.com,Female,22,81,7,97,54,36,10,80.69
2909,Laura,Hutchinson,laura.hutchinson30@edu.com,Male,18,94,3,75,50,54,8,74.4
2910,Danielle,Moran,danielle.moran66@edu.com,Male,18,80,1,32,65,73,3,51.8
2911,Cindy,Russell,cindy.russell42@edu.com,Male,18,100,0,73,40,57,10,62.45
2912,Austin,Andersen,austin.andersen39@edu.com,Male,18,76,19,89,72,48,6,99.06
2913,Betty,Snyder,betty.snyder17@edu.com,Male,18,75,17,72,45,49,3,73.75
2914,Karen,Guzman,karen.guzman15@edu.com,Male,18,71,12,84,87,86,8,100.0
2915,Curtis,Garcia,curtis.garcia59@edu.com,Male,22,86,5,39,69,37,1,58.65
2916,Tyler,Best,tyler.best96@edu.com,Male,18,71,19,38,72,38,9,74.47
2917,Andrew,Lindsey,andrew.lindsey81@edu.com,Male,22,62,6,94,80,85,4,97.39
2918,Gina,Hernandez,gina.hernandez65@edu.com,Female,21,68,20,89,67,32,1,86.07
2919,Regina,Thompson,regina.thompson42@edu.com,Female,21,84,20,50,43,85,10,77.48
2920,Elizabeth,Vega,elizabeth.vega96@edu.com,Male,20,85,23,71,81,68,0,99.32
2921,Travis,Lopez,travis.lopez69@edu.com,Male,19,77,7,98,90,84,7,97.16
2922,Christopher,Willis,christopher.willis51@edu.com,Male,22,63,1,79,100,90,0,86.75
2923,Matthew,Smith,matthew.smith93@edu.com,Female,20,92,18,89,56,46,1,87.38
2924,Michael,Smith,michael.smith24@edu.com,Male,21,89,3,58,60,64,3,68.6
2925,Ryan,Ferrell,ryan.ferrell41@edu.com,Female,22,66,10,97,84,66,9,98.01
2926,Julia,Jordan,julia.jordan62@edu.com,Female,22,99,10,35,59,75,5,72.8
2927,Wayne,Holmes,wayne.holmes5@edu.com,Female,18,66,0,72,62,89,6,68.49
2928,Dwayne,Miller,dwayne.miller10@edu.com,Female,19,92,21,49,49,35,10,77.19
2929,Emily,Smith,emily.smith84@edu.com,Male,22,73,12,96,59,81,10,97.48
2930,Victoria,Conrad,victoria.conrad25@edu.com,Female,20,74,2,47,72,73,9,70.3
2931,Kenneth,Craig,kenneth.craig5@edu.com,Male,18,64,4,85,94,49,1,82.92
2932,Gabrielle,Smith,gabrielle.smith69@edu.com,Female,18,87,8,62,82,34,6,73.75
2933,Robert,Barnes,robert.barnes11@edu.com,Male,18,73,1,60,70,78,6,73.08
2934,Tiffany,Carney,tiffany.carney3@edu.com,Female,20,97,21,68,73,71,1,99.33
2935,Jonathan,Smith,jonathan.smith14@edu.com,Female,19,70,19,60,50,83,2,90.79
2936,Christina,Dixon,christina.dixon72@edu.com,Male,19,64,1,91,86,61,4,88.29
2937,Erin,Thomas,erin.thomas1@edu.com,Male,22,68,13,46,49,76,10,74.13
2938,Michele,Holmes,michele.holmes48@edu.com,Female,18,90,15,71,46,80,0,87.92
2939,Elizabeth,Fields,elizabeth.fields25@edu.com,Male,18,99,24,38,98,92,3,98.89
2940,Rebecca,Andersen,rebecca.andersen8@edu.com,Male,21,81,24,48,83,87,9,99.65
2941,Calvin,Bailey,calvin.bailey36@edu.com,Female,22,92,5,74,49,40,10,70.87
2942,Mary,Rocha,mary.rocha97@edu.com,Male,22,84,23,100,88,39,0,100.0
2943,Jacob,Johnson,jacob.johnson47@edu.com,Female,19,77,3,70,47,45,9,63.11
2944,Denise,Barnett,denise.barnett52@edu.com,Male,18,83,5,65,52,35,5,65.02
2945,Danny,Wall,danny.wall30@edu.com,Male,21,62,9,98,51,88,6,92.21
2946,Eric,Lowe,eric.lowe4@edu.com,Male,22,84,3,67,58,85,4,74.06
2947,Michelle,Maxwell,michelle.maxwell89@edu.com,Male,19,90,19,75,48,74,9,88.99
2948,Daniel,Miller,daniel.miller67@edu.com,Male,20,92,18,70,46,94,5,88.51
2949,Maurice,Smith,maurice.smith82@edu.com,Female,19,95,12,54,96,69,4,89.2
2950,Amber,Ho,amber.ho56@edu.com,Male,18,70,9,62,64,60,0,68.55
2951,Diana,Davis,diana.davis59@edu.com,Male,18,67,19,100,79,36,2,92.2
2952,Robert,Higgins,robert.higgins7@edu.com,Female,19,67,6,65,41,62,8,66.96
2953,Bianca,Williams,bianca.williams36@edu.com,Male,18,71,8,88,79,44,5,84.35
2954,Felicia,Harris,felicia.harris87@edu.com,Female,19,84,2,87,72,84,6,83.73
2955,Rebecca,Freeman,rebecca.freeman25@edu.com,Female,18,64,17,93,52,61,6,87.28
2956,Amy,Carter,amy.carter18@edu.com,Male,18,83,1,55,41,85,6,70.83
2957,Frances,Collins,frances.collins34@edu.com,Female,18,86,8,47,81,31,7,67.79
2958,Kerri,Daniels,kerri.daniels54@edu.com,Female,20,90,5,70,99,64,7,86.99
2959,Pamela,Craig,pamela.craig5@edu.com,Female,21,83,11,47,76,68,4,77.6
2960,Mary,Johnson,mary.johnson39@edu.com,Female,18,72,12,45,69,58,6,66.8
2961,Jennifer,Myers,jennifer.myers10@edu.com,Male,21,73,24,32,70,68,9,85.59
2962,Eric,Perry,eric.perry19@edu.com,Male,18,67,13,46,84,83,3,83.17
2963,Craig,Smith,craig.smith42@edu.com,Male,21,93,20,89,61,46,10,98.7
2964,Mikayla,Jackson,mikayla.jackson47@edu.com,Male,22,79,19,70,54,78,8,88.57
2965,Christopher,Lopez,christopher.lopez14@edu.com,Female,21,81,2,54,50,81,5,64.03
2966,Sherry,Norris,sherry.norris14@edu.com,Female,22,98,14,35,41,45,5,57.79
2967,John,Williams,john.williams2@edu.com,Male,21,92,11,86,72,30,2,81.81
2968,Patricia,Duran,patricia.duran82@edu.com,Female,21,100,4,33,52,84,7,62.52
2969,Donna,Gilmore,donna.gilmore12@edu.com,Male,19,87,5,86,69,91,8,92.55
2970,Amanda,Walters,amanda.walters9@edu.com,Male,20,60,21,63,60,78,8,86.96
2971,Erin,Smith,erin.smith75@edu.com,Female,21,88,19,97,80,49,9,100.0
2972,Tiffany,Perez,tiffany.perez31@edu.com,Male,19,86,0,79,92,84,0,79.93
2973,Dennis,Webster,dennis.webster61@edu.com,Male,20,91,23,80,50,75,0,99.83
2974,David,Fuller,david.fuller97@edu.com,Female,18,78,8,79,63,70,9,81.62
2975,Monica,Gibson,monica.gibson63@edu.com,Female,20,73,17,74,96,83,9,100.0
2976,Amanda,Glover,amanda.glover15@edu.com,Female,18,97,10,62,69,43,8,77.26
2977,Sabrina,Stone,sabrina.stone54@edu.com,Male,22,76,21,47,43,32,3,62.85
2978,Julie,Arellano,julie.arellano39@edu.com,Male,21,72,19,71,67,40,8,85.75
2979,Joseph,Hale,joseph.hale2@edu.com,Male,18,88,16,97,93,67,0,99.09
2980,Philip,Clarke,philip.clarke54@edu.com,Female,20,71,8,68,44,78,10,63.45
2981,David,Ali,david.ali59@edu.com,Female,19,80,5,58,41,44,0,51.84
2982,Joshua,Smith,joshua.smith32@edu.com,Female,19,60,2,36,46,36,4,44.46
2983,Jonathan,Poole,jonathan.poole93@edu.com,Male,20,61,24,38,62,33,5,76.55
2984,Paul,Martinez,paul.martinez52@edu.com,Female,22,81,5,40,46,51,1,51.25
2985,William,Hughes,william.hughes45@edu.com,Female,18,76,13,78,77,52,4,87.07
2986,Lance,Jones,lance.jones83@edu.com,Male,20,69,14,72,61,33,3,74.92
2987,Carl,Smith,carl.smith53@edu.com,Male,18,83,23,59,92,64,9,97.8
2988,Courtney,Molina,courtney.molina68@edu.com,Female,22,72,23,83,100,32,0,100.0
2989,Suzanne,May,suzanne.may10@edu.com,Female,21,82,24,58,79,79,2,95.24
2990,Matthew,Blair,matthew.blair85@edu.com,Male,21,64,4,56,73,66,7,67.67
2991,Adrian,Johnston,adrian.johnston34@edu.com,Female,21,67,18,68,81,65,7,89.52
2992,Lynn,Guerra,lynn.guerra92@edu.com,Male,19,65,1,87,63,91,1,84.57
2993,Paula,Lamb,paula.lamb74@edu.com,Female,21,83,2,58,87,67,1,74.38
2994,Misty,Goodman,misty.goodman17@edu.com,Female,22,69,7,82,100,43,8,93.05
2995,Micheal,Rodriguez,micheal.rodriguez5@edu.com,Female,21,65,7,48,93,39,8,72.8
2996,Danny,Hensley,danny.hensley53@edu.com,Male,22,88,5,65,98,70,2,85.62
2997,Michael,Walters,michael.walters45@edu.com,Female,20,82,16,45,94,90,5,84.68
2998,Amber,Knight,amber.knight8@edu.com,Female,20,79,15,97,70,80,7,100.0
2999,Joseph,Mcmahon,joseph.mcmahon38@edu.com,Male,20,86,22,98,48,39,5,100.0
3000,Matthew,Parker,matthew.parker38@edu.com,Male,18,80,14,74,84,42,2,87.18
